Date,RIC,0
2015-12-09,Price Close,2047.62
2015-12-10,Price Close,2052.23
2015-12-11,Price Close,2012.37
2015-12-14,Price Close,2021.94
2015-12-15,Price Close,2043.41
2015-12-16,Price Close,2073.07
2015-12-17,Price Close,2041.89
2015-12-18,Price Close,2005.55
2015-12-21,Price Close,2021.15
2015-12-22,Price Close,2038.97
2015-12-23,Price Close,2064.29
2015-12-24,Price Close,2060.99
2015-12-28,Price Close,2056.5
2015-12-29,Price Close,2078.36
2015-12-30,Price Close,2063.36
2015-12-31,Price Close,2043.94
2016-01-04,Price Close,2012.66
2016-01-05,Price Close,2016.71
2016-01-06,Price Close,1990.26
2016-01-07,Price Close,1943.09
2016-01-08,Price Close,1922.03
2016-01-11,Price Close,1923.67
2016-01-12,Price Close,1938.68
2016-01-13,Price Close,1890.28
2016-01-14,Price Close,1921.84
2016-01-15,Price Close,1880.33
2016-01-19,Price Close,1881.33
2016-01-20,Price Close,1859.33
2016-01-21,Price Close,1868.99
2016-01-22,Price Close,1906.9
2016-01-25,Price Close,1877.08
2016-01-26,Price Close,1903.63
2016-01-27,Price Close,1882.95
2016-01-28,Price Close,1893.36
2016-01-29,Price Close,1940.24
2016-02-01,Price Close,1939.38
2016-02-02,Price Close,1903.03
2016-02-03,Price Close,1912.53
2016-02-04,Price Close,1915.45
2016-02-05,Price Close,1880.05
2016-02-08,Price Close,1853.44
2016-02-09,Price Close,1852.21
2016-02-10,Price Close,1851.86
2016-02-11,Price Close,1829.08
2016-02-12,Price Close,1864.78
2016-02-16,Price Close,1895.58
2016-02-17,Price Close,1926.82
2016-02-18,Price Close,1917.83
2016-02-19,Price Close,1917.78
2016-02-22,Price Close,1945.5
2016-02-23,Price Close,1921.27
2016-02-24,Price Close,1929.8
2016-02-25,Price Close,1951.7
2016-02-26,Price Close,1948.05
2016-02-29,Price Close,1932.23
2016-03-01,Price Close,1978.35
2016-03-02,Price Close,1986.45
2016-03-03,Price Close,1993.4
2016-03-04,Price Close,1999.99
2016-03-07,Price Close,2001.76
2016-03-08,Price Close,1979.26
2016-03-09,Price Close,1989.26
2016-03-10,Price Close,1989.57
2016-03-11,Price Close,2022.19
2016-03-14,Price Close,2019.64
2016-03-15,Price Close,2015.93
2016-03-16,Price Close,2027.22
2016-03-17,Price Close,2040.59
2016-03-18,Price Close,2049.58
2016-03-21,Price Close,2051.6
2016-03-22,Price Close,2049.8
2016-03-23,Price Close,2036.71
2016-03-24,Price Close,2035.94
2016-03-28,Price Close,2037.05
2016-03-29,Price Close,2055.01
2016-03-30,Price Close,2063.95
2016-03-31,Price Close,2059.74
2016-04-01,Price Close,2072.78
2016-04-04,Price Close,2066.13
2016-04-05,Price Close,2045.17
2016-04-06,Price Close,2066.66
2016-04-07,Price Close,2041.91
2016-04-08,Price Close,2047.6
2016-04-11,Price Close,2041.99
2016-04-12,Price Close,2061.72
2016-04-13,Price Close,2082.42
2016-04-14,Price Close,2082.78
2016-04-15,Price Close,2080.73
2016-04-18,Price Close,2094.34
2016-04-19,Price Close,2100.8
2016-04-20,Price Close,2102.4
2016-04-21,Price Close,2091.48
2016-04-22,Price Close,2091.58
2016-04-25,Price Close,2087.79
2016-04-26,Price Close,2091.7
2016-04-27,Price Close,2095.15
2016-04-28,Price Close,2075.81
2016-04-29,Price Close,2065.3
2016-05-02,Price Close,2081.43
2016-05-03,Price Close,2063.37
2016-05-04,Price Close,2051.12
2016-05-05,Price Close,2050.63
2016-05-06,Price Close,2057.14
2016-05-09,Price Close,2058.69
2016-05-10,Price Close,2084.39
2016-05-11,Price Close,2064.46
2016-05-12,Price Close,2064.11
2016-05-13,Price Close,2046.61
2016-05-16,Price Close,2066.66
2016-05-17,Price Close,2047.21
2016-05-18,Price Close,2047.63
2016-05-19,Price Close,2040.04
2016-05-20,Price Close,2052.32
2016-05-23,Price Close,2048.04
2016-05-24,Price Close,2076.06
2016-05-25,Price Close,2090.54
2016-05-26,Price Close,2090.1
2016-05-27,Price Close,2099.06
2016-05-31,Price Close,2096.96
2016-06-01,Price Close,2099.33
2016-06-02,Price Close,2105.26
2016-06-03,Price Close,2099.13
2016-06-06,Price Close,2109.41
2016-06-07,Price Close,2112.13
2016-06-08,Price Close,2119.12
2016-06-09,Price Close,2115.48
2016-06-10,Price Close,2096.07
2016-06-13,Price Close,2079.06
2016-06-14,Price Close,2075.32
2016-06-15,Price Close,2071.5
2016-06-16,Price Close,2077.99
2016-06-17,Price Close,2071.22
2016-06-20,Price Close,2083.25
2016-06-21,Price Close,2088.9
2016-06-22,Price Close,2085.45
2016-06-23,Price Close,2113.32
2016-06-24,Price Close,2037.41
2016-06-27,Price Close,2000.54
2016-06-28,Price Close,2036.09
2016-06-29,Price Close,2070.77
2016-06-30,Price Close,2098.86
2016-07-01,Price Close,2102.95
2016-07-05,Price Close,2088.55
2016-07-06,Price Close,2099.73
2016-07-07,Price Close,2097.9
2016-07-08,Price Close,2129.9
2016-07-11,Price Close,2137.16
2016-07-12,Price Close,2152.14
2016-07-13,Price Close,2152.43
2016-07-14,Price Close,2163.75
2016-07-15,Price Close,2161.74
2016-07-18,Price Close,2166.89
2016-07-19,Price Close,2163.78
2016-07-20,Price Close,2173.02
2016-07-21,Price Close,2165.17
2016-07-22,Price Close,2175.03
2016-07-25,Price Close,2168.48
2016-07-26,Price Close,2169.18
2016-07-27,Price Close,2166.58
2016-07-28,Price Close,2170.06
2016-07-29,Price Close,2173.6
2016-08-01,Price Close,2170.84
2016-08-02,Price Close,2157.03
2016-08-03,Price Close,2163.79
2016-08-04,Price Close,2164.25
2016-08-05,Price Close,2182.87
2016-08-08,Price Close,2180.89
2016-08-09,Price Close,2181.74
2016-08-10,Price Close,2175.49
2016-08-11,Price Close,2185.79
2016-08-12,Price Close,2184.05
2016-08-15,Price Close,2190.15
2016-08-16,Price Close,2178.15
2016-08-17,Price Close,2182.22
2016-08-18,Price Close,2187.02
2016-08-19,Price Close,2183.87
2016-08-22,Price Close,2182.64
2016-08-23,Price Close,2186.9
2016-08-24,Price Close,2175.44
2016-08-25,Price Close,2172.47
2016-08-26,Price Close,2169.04
2016-08-29,Price Close,2180.38
2016-08-30,Price Close,2176.12
2016-08-31,Price Close,2170.95
2016-09-01,Price Close,2170.86
2016-09-02,Price Close,2179.98
2016-09-06,Price Close,2186.48
2016-09-07,Price Close,2186.16
2016-09-08,Price Close,2181.3
2016-09-09,Price Close,2127.81
2016-09-12,Price Close,2159.04
2016-09-13,Price Close,2127.02
2016-09-14,Price Close,2125.77
2016-09-15,Price Close,2147.26
2016-09-16,Price Close,2139.16
2016-09-19,Price Close,2139.12
2016-09-20,Price Close,2139.76
2016-09-21,Price Close,2163.12
2016-09-22,Price Close,2177.18
2016-09-23,Price Close,2164.69
2016-09-26,Price Close,2146.1
2016-09-27,Price Close,2159.93
2016-09-28,Price Close,2171.37
2016-09-29,Price Close,2151.13
2016-09-30,Price Close,2168.27
2016-10-03,Price Close,2161.2
2016-10-04,Price Close,2150.49
2016-10-05,Price Close,2159.73
2016-10-06,Price Close,2160.77
2016-10-07,Price Close,2153.74
2016-10-10,Price Close,2163.66
2016-10-11,Price Close,2136.73
2016-10-12,Price Close,2139.18
2016-10-13,Price Close,2132.55
2016-10-14,Price Close,2132.98
2016-10-17,Price Close,2126.5
2016-10-18,Price Close,2139.6
2016-10-19,Price Close,2144.29
2016-10-20,Price Close,2141.34
2016-10-21,Price Close,2141.16
2016-10-24,Price Close,2151.33
2016-10-25,Price Close,2143.16
2016-10-26,Price Close,2139.43
2016-10-27,Price Close,2133.04
2016-10-28,Price Close,2126.41
2016-10-31,Price Close,2126.15
2016-11-01,Price Close,2111.72
2016-11-02,Price Close,2097.94
2016-11-03,Price Close,2088.66
2016-11-04,Price Close,2085.18
2016-11-07,Price Close,2131.52
2016-11-08,Price Close,2139.56
2016-11-09,Price Close,2163.26
2016-11-10,Price Close,2167.48
2016-11-11,Price Close,2164.45
2016-11-14,Price Close,2164.2
2016-11-15,Price Close,2180.39
2016-11-16,Price Close,2176.94
2016-11-17,Price Close,2187.12
2016-11-18,Price Close,2181.9
2016-11-21,Price Close,2198.18
2016-11-22,Price Close,2202.94
2016-11-23,Price Close,2204.72
2016-11-25,Price Close,2213.35
2016-11-28,Price Close,2201.72
2016-11-29,Price Close,2204.66
2016-11-30,Price Close,2198.81
2016-12-01,Price Close,2191.08
2016-12-02,Price Close,2191.95
2016-12-05,Price Close,2204.71
2016-12-06,Price Close,2212.23
2016-12-07,Price Close,2241.35
2016-12-08,Price Close,2246.19
2016-12-09,Price Close,2259.53
2016-12-12,Price Close,2256.96
2016-12-13,Price Close,2271.72
2016-12-14,Price Close,2253.28
2016-12-15,Price Close,2262.03
2016-12-16,Price Close,2258.07
2016-12-19,Price Close,2262.53
2016-12-20,Price Close,2270.76
2016-12-21,Price Close,2265.18
2016-12-22,Price Close,2260.96
2016-12-23,Price Close,2263.79
2016-12-27,Price Close,2268.88
2016-12-28,Price Close,2249.92
2016-12-29,Price Close,2249.26
2016-12-30,Price Close,2238.83
2017-01-03,Price Close,2257.83
2017-01-04,Price Close,2270.75
2017-01-05,Price Close,2269.0
2017-01-06,Price Close,2276.98
2017-01-09,Price Close,2268.9
2017-01-10,Price Close,2268.9
2017-01-11,Price Close,2275.32
2017-01-12,Price Close,2270.44
2017-01-13,Price Close,2274.64
2017-01-17,Price Close,2267.89
2017-01-18,Price Close,2271.89
2017-01-19,Price Close,2263.69
2017-01-20,Price Close,2271.31
2017-01-23,Price Close,2265.2
2017-01-24,Price Close,2280.07
2017-01-25,Price Close,2298.37
2017-01-26,Price Close,2296.68
2017-01-27,Price Close,2294.69
2017-01-30,Price Close,2280.9
2017-01-31,Price Close,2278.87
2017-02-01,Price Close,2279.55
2017-02-02,Price Close,2280.85
2017-02-03,Price Close,2297.42
2017-02-06,Price Close,2292.56
2017-02-07,Price Close,2293.08
2017-02-08,Price Close,2294.67
2017-02-09,Price Close,2307.87
2017-02-10,Price Close,2316.1
2017-02-13,Price Close,2328.25
2017-02-14,Price Close,2337.58
2017-02-15,Price Close,2349.25
2017-02-16,Price Close,2347.22
2017-02-17,Price Close,2351.16
2017-02-21,Price Close,2365.38
2017-02-22,Price Close,2362.82
2017-02-23,Price Close,2363.81
2017-02-24,Price Close,2367.34
2017-02-27,Price Close,2369.75
2017-02-28,Price Close,2363.64
2017-03-01,Price Close,2395.96
2017-03-02,Price Close,2381.92
2017-03-03,Price Close,2383.12
2017-03-06,Price Close,2375.31
2017-03-07,Price Close,2368.39
2017-03-08,Price Close,2362.98
2017-03-09,Price Close,2364.87
2017-03-10,Price Close,2372.6
2017-03-13,Price Close,2373.47
2017-03-14,Price Close,2365.45
2017-03-15,Price Close,2385.26
2017-03-16,Price Close,2381.38
2017-03-17,Price Close,2378.25
2017-03-20,Price Close,2373.47
2017-03-21,Price Close,2344.02
2017-03-22,Price Close,2348.45
2017-03-23,Price Close,2345.96
2017-03-24,Price Close,2343.98
2017-03-27,Price Close,2341.59
2017-03-28,Price Close,2358.57
2017-03-29,Price Close,2361.13
2017-03-30,Price Close,2368.06
2017-03-31,Price Close,2362.72
2017-04-03,Price Close,2358.84
2017-04-04,Price Close,2360.16
2017-04-05,Price Close,2352.95
2017-04-06,Price Close,2357.49
2017-04-07,Price Close,2355.54
2017-04-10,Price Close,2357.16
2017-04-11,Price Close,2353.78
2017-04-12,Price Close,2344.93
2017-04-13,Price Close,2328.95
2017-04-17,Price Close,2349.01
2017-04-18,Price Close,2342.19
2017-04-19,Price Close,2338.17
2017-04-20,Price Close,2355.84
2017-04-21,Price Close,2348.69
2017-04-24,Price Close,2374.15
2017-04-25,Price Close,2388.61
2017-04-26,Price Close,2387.45
2017-04-27,Price Close,2388.77
2017-04-28,Price Close,2384.2
2017-05-01,Price Close,2388.33
2017-05-02,Price Close,2391.17
2017-05-03,Price Close,2388.13
2017-05-04,Price Close,2389.52
2017-05-05,Price Close,2399.29
2017-05-08,Price Close,2399.38
2017-05-09,Price Close,2396.92
2017-05-10,Price Close,2399.63
2017-05-11,Price Close,2394.44
2017-05-12,Price Close,2390.9
2017-05-15,Price Close,2402.32
2017-05-16,Price Close,2400.67
2017-05-17,Price Close,2357.03
2017-05-18,Price Close,2365.72
2017-05-19,Price Close,2381.73
2017-05-22,Price Close,2394.02
2017-05-23,Price Close,2398.42
2017-05-24,Price Close,2404.39
2017-05-25,Price Close,2415.07
2017-05-26,Price Close,2415.82
2017-05-30,Price Close,2412.91
2017-05-31,Price Close,2411.8
2017-06-01,Price Close,2430.06
2017-06-02,Price Close,2439.07
2017-06-05,Price Close,2436.1
2017-06-06,Price Close,2429.33
2017-06-07,Price Close,2433.14
2017-06-08,Price Close,2433.79
2017-06-09,Price Close,2431.77
2017-06-12,Price Close,2429.39
2017-06-13,Price Close,2440.35
2017-06-14,Price Close,2437.92
2017-06-15,Price Close,2432.46
2017-06-16,Price Close,2433.15
2017-06-19,Price Close,2453.46
2017-06-20,Price Close,2437.03
2017-06-21,Price Close,2435.61
2017-06-22,Price Close,2434.5
2017-06-23,Price Close,2438.3
2017-06-26,Price Close,2439.07
2017-06-27,Price Close,2419.38
2017-06-28,Price Close,2440.69
2017-06-29,Price Close,2419.7
2017-06-30,Price Close,2423.41
2017-07-03,Price Close,2429.01
2017-07-05,Price Close,2432.54
2017-07-06,Price Close,2409.75
2017-07-07,Price Close,2425.18
2017-07-10,Price Close,2427.43
2017-07-11,Price Close,2425.53
2017-07-12,Price Close,2443.25
2017-07-13,Price Close,2447.83
2017-07-14,Price Close,2459.27
2017-07-17,Price Close,2459.14
2017-07-18,Price Close,2460.61
2017-07-19,Price Close,2473.83
2017-07-20,Price Close,2473.45
2017-07-21,Price Close,2472.54
2017-07-24,Price Close,2469.91
2017-07-25,Price Close,2477.13
2017-07-26,Price Close,2477.83
2017-07-27,Price Close,2475.42
2017-07-28,Price Close,2472.1
2017-07-31,Price Close,2470.3
2017-08-01,Price Close,2476.35
2017-08-02,Price Close,2477.57
2017-08-03,Price Close,2472.16
2017-08-04,Price Close,2476.83
2017-08-07,Price Close,2480.91
2017-08-08,Price Close,2474.92
2017-08-09,Price Close,2474.02
2017-08-10,Price Close,2438.21
2017-08-11,Price Close,2441.32
2017-08-14,Price Close,2465.84
2017-08-15,Price Close,2464.61
2017-08-16,Price Close,2468.11
2017-08-17,Price Close,2430.01
2017-08-18,Price Close,2425.55
2017-08-21,Price Close,2428.37
2017-08-22,Price Close,2452.51
2017-08-23,Price Close,2444.04
2017-08-24,Price Close,2438.97
2017-08-25,Price Close,2443.05
2017-08-28,Price Close,2444.24
2017-08-29,Price Close,2446.3
2017-08-30,Price Close,2457.59
2017-08-31,Price Close,2471.65
2017-09-01,Price Close,2476.55
2017-09-05,Price Close,2457.85
2017-09-06,Price Close,2465.54
2017-09-07,Price Close,2465.1
2017-09-08,Price Close,2461.43
2017-09-11,Price Close,2488.11
2017-09-12,Price Close,2496.48
2017-09-13,Price Close,2498.37
2017-09-14,Price Close,2495.62
2017-09-15,Price Close,2500.23
2017-09-18,Price Close,2503.87
2017-09-19,Price Close,2506.65
2017-09-20,Price Close,2508.24
2017-09-21,Price Close,2500.6
2017-09-22,Price Close,2502.22
2017-09-25,Price Close,2496.66
2017-09-26,Price Close,2496.84
2017-09-27,Price Close,2507.04
2017-09-28,Price Close,2510.06
2017-09-29,Price Close,2519.36
2017-10-02,Price Close,2529.12
2017-10-03,Price Close,2534.58
2017-10-04,Price Close,2537.74
2017-10-05,Price Close,2552.07
2017-10-06,Price Close,2549.33
2017-10-09,Price Close,2544.73
2017-10-10,Price Close,2550.64
2017-10-11,Price Close,2555.24
2017-10-12,Price Close,2550.93
2017-10-13,Price Close,2553.17
2017-10-16,Price Close,2557.64
2017-10-17,Price Close,2559.36
2017-10-18,Price Close,2561.26
2017-10-19,Price Close,2562.1
2017-10-20,Price Close,2575.21
2017-10-23,Price Close,2564.98
2017-10-24,Price Close,2569.13
2017-10-25,Price Close,2557.15
2017-10-26,Price Close,2560.4
2017-10-27,Price Close,2581.07
2017-10-30,Price Close,2572.83
2017-10-31,Price Close,2575.26
2017-11-01,Price Close,2579.36
2017-11-02,Price Close,2579.85
2017-11-03,Price Close,2587.84
2017-11-06,Price Close,2591.13
2017-11-07,Price Close,2590.64
2017-11-08,Price Close,2594.38
2017-11-09,Price Close,2584.62
2017-11-10,Price Close,2582.3
2017-11-13,Price Close,2584.84
2017-11-14,Price Close,2578.87
2017-11-15,Price Close,2564.62
2017-11-16,Price Close,2585.64
2017-11-17,Price Close,2578.85
2017-11-20,Price Close,2582.14
2017-11-21,Price Close,2599.03
2017-11-22,Price Close,2597.08
2017-11-24,Price Close,2602.42
2017-11-27,Price Close,2601.42
2017-11-28,Price Close,2627.04
2017-11-29,Price Close,2626.07
2017-11-30,Price Close,2647.58
2017-12-01,Price Close,2642.22
2017-12-04,Price Close,2639.44
2017-12-05,Price Close,2629.57
2017-12-06,Price Close,2629.27
2017-12-07,Price Close,2636.98
2017-12-08,Price Close,2651.5
2017-12-11,Price Close,2659.99
2017-12-12,Price Close,2664.11
2017-12-13,Price Close,2662.85
2017-12-14,Price Close,2652.01
2017-12-15,Price Close,2675.81
2017-12-18,Price Close,2690.16
2017-12-19,Price Close,2681.47
2017-12-20,Price Close,2679.25
2017-12-21,Price Close,2684.57
2017-12-22,Price Close,2683.34
2017-12-26,Price Close,2680.5
2017-12-27,Price Close,2682.62
2017-12-28,Price Close,2687.54
2017-12-29,Price Close,2673.61
2018-01-02,Price Close,2695.81
2018-01-03,Price Close,2713.06
2018-01-04,Price Close,2723.99
2018-01-05,Price Close,2743.15
2018-01-08,Price Close,2747.71
2018-01-09,Price Close,2751.29
2018-01-10,Price Close,2748.23
2018-01-11,Price Close,2767.56
2018-01-12,Price Close,2786.24
2018-01-16,Price Close,2776.42
2018-01-17,Price Close,2802.56
2018-01-18,Price Close,2798.03
2018-01-19,Price Close,2810.3
2018-01-22,Price Close,2832.97
2018-01-23,Price Close,2839.13
2018-01-24,Price Close,2837.54
2018-01-25,Price Close,2839.25
2018-01-26,Price Close,2872.87
2018-01-29,Price Close,2853.53
2018-01-30,Price Close,2822.43
2018-01-31,Price Close,2823.81
2018-02-01,Price Close,2821.98
2018-02-02,Price Close,2762.13
2018-02-05,Price Close,2648.94
2018-02-06,Price Close,2695.14
2018-02-07,Price Close,2681.66
2018-02-08,Price Close,2581.0
2018-02-09,Price Close,2619.55
2018-02-12,Price Close,2656.0
2018-02-13,Price Close,2662.94
2018-02-14,Price Close,2698.63
2018-02-15,Price Close,2731.2
2018-02-16,Price Close,2732.22
2018-02-20,Price Close,2716.26
2018-02-21,Price Close,2701.33
2018-02-22,Price Close,2703.96
2018-02-23,Price Close,2747.3
2018-02-26,Price Close,2779.6
2018-02-27,Price Close,2744.28
2018-02-28,Price Close,2713.83
2018-03-01,Price Close,2677.67
2018-03-02,Price Close,2691.25
2018-03-05,Price Close,2720.94
2018-03-06,Price Close,2728.12
2018-03-07,Price Close,2726.8
2018-03-08,Price Close,2738.97
2018-03-09,Price Close,2786.57
2018-03-12,Price Close,2783.02
2018-03-13,Price Close,2765.31
2018-03-14,Price Close,2749.48
2018-03-15,Price Close,2747.33
2018-03-16,Price Close,2752.01
2018-03-19,Price Close,2712.92
2018-03-20,Price Close,2716.94
2018-03-21,Price Close,2711.93
2018-03-22,Price Close,2643.69
2018-03-23,Price Close,2588.26
2018-03-26,Price Close,2658.55
2018-03-27,Price Close,2612.62
2018-03-28,Price Close,2605.0
2018-03-29,Price Close,2640.87
2018-04-02,Price Close,2581.88
2018-04-03,Price Close,2614.45
2018-04-04,Price Close,2644.69
2018-04-05,Price Close,2662.84
2018-04-06,Price Close,2604.47
2018-04-09,Price Close,2613.16
2018-04-10,Price Close,2656.87
2018-04-11,Price Close,2642.19
2018-04-12,Price Close,2663.99
2018-04-13,Price Close,2656.3
2018-04-16,Price Close,2677.84
2018-04-17,Price Close,2706.39
2018-04-18,Price Close,2708.64
2018-04-19,Price Close,2693.13
2018-04-20,Price Close,2670.14
2018-04-23,Price Close,2670.29
2018-04-24,Price Close,2634.56
2018-04-25,Price Close,2639.4
2018-04-26,Price Close,2666.94
2018-04-27,Price Close,2669.91
2018-04-30,Price Close,2648.05
2018-05-01,Price Close,2654.8
2018-05-02,Price Close,2635.67
2018-05-03,Price Close,2629.73
2018-05-04,Price Close,2663.42
2018-05-07,Price Close,2672.63
2018-05-08,Price Close,2671.92
2018-05-09,Price Close,2697.79
2018-05-10,Price Close,2723.07
2018-05-11,Price Close,2727.72
2018-05-14,Price Close,2730.13
2018-05-15,Price Close,2711.45
2018-05-16,Price Close,2722.46
2018-05-17,Price Close,2720.13
2018-05-18,Price Close,2712.97
2018-05-21,Price Close,2733.01
2018-05-22,Price Close,2724.44
2018-05-23,Price Close,2733.29
2018-05-24,Price Close,2727.76
2018-05-25,Price Close,2721.33
2018-05-29,Price Close,2689.86
2018-05-30,Price Close,2724.01
2018-05-31,Price Close,2705.27
2018-06-01,Price Close,2734.62
2018-06-04,Price Close,2746.87
2018-06-05,Price Close,2748.8
2018-06-06,Price Close,2772.35
2018-06-07,Price Close,2770.37
2018-06-08,Price Close,2779.03
2018-06-11,Price Close,2782.0
2018-06-12,Price Close,2786.85
2018-06-13,Price Close,2775.63
2018-06-14,Price Close,2782.49
2018-06-15,Price Close,2779.66
2018-06-18,Price Close,2773.75
2018-06-19,Price Close,2762.59
2018-06-20,Price Close,2767.32
2018-06-21,Price Close,2749.76
2018-06-22,Price Close,2754.88
2018-06-25,Price Close,2717.07
2018-06-26,Price Close,2723.06
2018-06-27,Price Close,2699.63
2018-06-28,Price Close,2716.31
2018-06-29,Price Close,2718.37
2018-07-02,Price Close,2726.71
2018-07-03,Price Close,2713.22
2018-07-05,Price Close,2736.61
2018-07-06,Price Close,2759.82
2018-07-09,Price Close,2784.17
2018-07-10,Price Close,2793.84
2018-07-11,Price Close,2774.02
2018-07-12,Price Close,2798.29
2018-07-13,Price Close,2801.31
2018-07-16,Price Close,2798.43
2018-07-17,Price Close,2809.55
2018-07-18,Price Close,2815.62
2018-07-19,Price Close,2804.49
2018-07-20,Price Close,2801.83
2018-07-23,Price Close,2806.98
2018-07-24,Price Close,2820.4
2018-07-25,Price Close,2846.07
2018-07-26,Price Close,2837.44
2018-07-27,Price Close,2818.82
2018-07-30,Price Close,2802.6
2018-07-31,Price Close,2816.29
2018-08-01,Price Close,2813.36
2018-08-02,Price Close,2827.22
2018-08-03,Price Close,2840.35
2018-08-06,Price Close,2850.4
2018-08-07,Price Close,2858.45
2018-08-08,Price Close,2857.7
2018-08-09,Price Close,2853.58
2018-08-10,Price Close,2833.28
2018-08-13,Price Close,2821.93
2018-08-14,Price Close,2839.96
2018-08-15,Price Close,2818.37
2018-08-16,Price Close,2840.69
2018-08-17,Price Close,2850.13
2018-08-20,Price Close,2857.05
2018-08-21,Price Close,2862.96
2018-08-22,Price Close,2861.82
2018-08-23,Price Close,2856.98
2018-08-24,Price Close,2874.69
2018-08-27,Price Close,2896.74
2018-08-28,Price Close,2897.52
2018-08-29,Price Close,2914.04
2018-08-30,Price Close,2901.13
2018-08-31,Price Close,2901.52
2018-09-04,Price Close,2896.72
2018-09-05,Price Close,2888.6
2018-09-06,Price Close,2878.05
2018-09-07,Price Close,2871.68
2018-09-10,Price Close,2877.13
2018-09-11,Price Close,2887.89
2018-09-12,Price Close,2888.92
2018-09-13,Price Close,2904.18
2018-09-14,Price Close,2904.98
2018-09-17,Price Close,2888.8
2018-09-18,Price Close,2904.31
2018-09-19,Price Close,2907.95
2018-09-20,Price Close,2930.75
2018-09-21,Price Close,2929.67
2018-09-24,Price Close,2919.37
2018-09-25,Price Close,2915.56
2018-09-26,Price Close,2905.97
2018-09-27,Price Close,2914.0
2018-09-28,Price Close,2913.98
2018-10-01,Price Close,2924.59
2018-10-02,Price Close,2923.43
2018-10-03,Price Close,2925.51
2018-10-04,Price Close,2901.61
2018-10-05,Price Close,2885.57
2018-10-08,Price Close,2884.43
2018-10-09,Price Close,2880.34
2018-10-10,Price Close,2785.68
2018-10-11,Price Close,2728.37
2018-10-12,Price Close,2767.13
2018-10-15,Price Close,2750.79
2018-10-16,Price Close,2809.92
2018-10-17,Price Close,2809.21
2018-10-18,Price Close,2768.78
2018-10-19,Price Close,2767.78
2018-10-22,Price Close,2755.88
2018-10-23,Price Close,2740.69
2018-10-24,Price Close,2656.1
2018-10-25,Price Close,2705.57
2018-10-26,Price Close,2658.69
2018-10-29,Price Close,2641.25
2018-10-30,Price Close,2682.63
2018-10-31,Price Close,2711.74
2018-11-01,Price Close,2740.37
2018-11-02,Price Close,2723.06
2018-11-05,Price Close,2738.31
2018-11-06,Price Close,2755.45
2018-11-07,Price Close,2813.89
2018-11-08,Price Close,2806.83
2018-11-09,Price Close,2781.01
2018-11-12,Price Close,2726.22
2018-11-13,Price Close,2722.18
2018-11-14,Price Close,2701.58
2018-11-15,Price Close,2730.2
2018-11-16,Price Close,2736.27
2018-11-19,Price Close,2690.73
2018-11-20,Price Close,2641.89
2018-11-21,Price Close,2649.93
2018-11-23,Price Close,2632.56
2018-11-26,Price Close,2673.45
2018-11-27,Price Close,2682.17
2018-11-28,Price Close,2743.79
2018-11-29,Price Close,2737.76
2018-11-30,Price Close,2760.17
2018-12-03,Price Close,2790.37
2018-12-04,Price Close,2700.06
2018-12-06,Price Close,2695.95
2018-12-07,Price Close,2633.08
2018-12-10,Price Close,2637.72
2018-12-11,Price Close,2636.78
2018-12-12,Price Close,2651.07
2018-12-13,Price Close,2650.54
2018-12-14,Price Close,2599.95
2018-12-17,Price Close,2545.94
2018-12-18,Price Close,2546.16
2018-12-19,Price Close,2506.96
2018-12-20,Price Close,2467.42
2018-12-21,Price Close,2416.62
2018-12-24,Price Close,2351.1
2018-12-26,Price Close,2467.7
2018-12-27,Price Close,2488.83
2018-12-28,Price Close,2485.74
2018-12-31,Price Close,2506.85
2019-01-02,Price Close,2510.03
2019-01-03,Price Close,2447.89
2019-01-04,Price Close,2531.94
2019-01-07,Price Close,2549.69
2019-01-08,Price Close,2574.41
2019-01-09,Price Close,2584.96
2019-01-10,Price Close,2596.64
2019-01-11,Price Close,2596.26
2019-01-14,Price Close,2582.61
2019-01-15,Price Close,2610.3
2019-01-16,Price Close,2616.1
2019-01-17,Price Close,2635.96
2019-01-18,Price Close,2670.71
2019-01-22,Price Close,2632.9
2019-01-23,Price Close,2638.7
2019-01-24,Price Close,2642.33
2019-01-25,Price Close,2664.76
2019-01-28,Price Close,2643.85
2019-01-29,Price Close,2640.0
2019-01-30,Price Close,2681.05
2019-01-31,Price Close,2704.1
2019-02-01,Price Close,2706.53
2019-02-04,Price Close,2724.87
2019-02-05,Price Close,2737.7
2019-02-06,Price Close,2731.61
2019-02-07,Price Close,2706.05
2019-02-08,Price Close,2707.88
2019-02-11,Price Close,2709.8
2019-02-12,Price Close,2744.73
2019-02-13,Price Close,2753.03
2019-02-14,Price Close,2745.73
2019-02-15,Price Close,2775.6
2019-02-19,Price Close,2779.76
2019-02-20,Price Close,2784.7
2019-02-21,Price Close,2774.88
2019-02-22,Price Close,2792.67
2019-02-25,Price Close,2796.11
2019-02-26,Price Close,2793.9
2019-02-27,Price Close,2792.38
2019-02-28,Price Close,2784.49
2019-03-01,Price Close,2803.69
2019-03-04,Price Close,2792.81
2019-03-05,Price Close,2789.65
2019-03-06,Price Close,2771.45
2019-03-07,Price Close,2748.93
2019-03-08,Price Close,2743.07
2019-03-11,Price Close,2783.3
2019-03-12,Price Close,2791.52
2019-03-13,Price Close,2810.92
2019-03-14,Price Close,2808.48
2019-03-15,Price Close,2822.48
2019-03-18,Price Close,2832.94
2019-03-19,Price Close,2832.57
2019-03-20,Price Close,2824.23
2019-03-21,Price Close,2854.88
2019-03-22,Price Close,2800.71
2019-03-25,Price Close,2798.36
2019-03-26,Price Close,2818.46
2019-03-27,Price Close,2805.37
2019-03-28,Price Close,2815.44
2019-03-29,Price Close,2834.4
2019-04-01,Price Close,2867.19
2019-04-02,Price Close,2867.24
2019-04-03,Price Close,2873.4
2019-04-04,Price Close,2879.39
2019-04-05,Price Close,2892.74
2019-04-08,Price Close,2895.77
2019-04-09,Price Close,2878.2
2019-04-10,Price Close,2888.21
2019-04-11,Price Close,2888.32
2019-04-12,Price Close,2907.41
2019-04-15,Price Close,2905.58
2019-04-16,Price Close,2907.06
2019-04-17,Price Close,2900.45
2019-04-18,Price Close,2905.03
2019-04-22,Price Close,2907.97
2019-04-23,Price Close,2933.68
2019-04-24,Price Close,2927.25
2019-04-25,Price Close,2926.17
2019-04-26,Price Close,2939.88
2019-04-29,Price Close,2943.03
2019-04-30,Price Close,2945.83
2019-05-01,Price Close,2923.73
2019-05-02,Price Close,2917.52
2019-05-03,Price Close,2945.64
2019-05-06,Price Close,2932.47
2019-05-07,Price Close,2884.05
2019-05-08,Price Close,2879.42
2019-05-09,Price Close,2870.72
2019-05-10,Price Close,2881.4
2019-05-13,Price Close,2811.87
2019-05-14,Price Close,2834.41
2019-05-15,Price Close,2850.96
2019-05-16,Price Close,2876.32
2019-05-17,Price Close,2859.53
2019-05-20,Price Close,2840.23
2019-05-21,Price Close,2864.36
2019-05-22,Price Close,2856.27
2019-05-23,Price Close,2822.24
2019-05-24,Price Close,2826.06
2019-05-28,Price Close,2802.39
2019-05-29,Price Close,2783.02
2019-05-30,Price Close,2788.86
2019-05-31,Price Close,2752.06
2019-06-03,Price Close,2744.45
2019-06-04,Price Close,2803.27
2019-06-05,Price Close,2826.15
2019-06-06,Price Close,2843.49
2019-06-07,Price Close,2873.34
2019-06-10,Price Close,2886.73
2019-06-11,Price Close,2885.72
2019-06-12,Price Close,2879.84
2019-06-13,Price Close,2891.64
2019-06-14,Price Close,2886.98
2019-06-17,Price Close,2889.67
2019-06-18,Price Close,2917.75
2019-06-19,Price Close,2926.46
2019-06-20,Price Close,2954.18
2019-06-21,Price Close,2950.46
2019-06-24,Price Close,2945.35
2019-06-25,Price Close,2917.38
2019-06-26,Price Close,2913.78
2019-06-27,Price Close,2924.92
2019-06-28,Price Close,2941.76
2019-07-01,Price Close,2964.33
2019-07-02,Price Close,2973.01
2019-07-03,Price Close,2995.82
2019-07-05,Price Close,2990.41
2019-07-08,Price Close,2975.95
2019-07-09,Price Close,2979.63
2019-07-10,Price Close,2993.07
2019-07-11,Price Close,2999.91
2019-07-12,Price Close,3013.77
2019-07-15,Price Close,3014.3
2019-07-16,Price Close,3004.04
2019-07-17,Price Close,2984.42
2019-07-18,Price Close,2995.11
2019-07-19,Price Close,2976.61
2019-07-22,Price Close,2985.03
2019-07-23,Price Close,3005.47
2019-07-24,Price Close,3019.56
2019-07-25,Price Close,3003.67
2019-07-26,Price Close,3025.86
2019-07-29,Price Close,3020.97
2019-07-30,Price Close,3013.18
2019-07-31,Price Close,2980.38
2019-08-01,Price Close,2953.56
2019-08-02,Price Close,2932.05
2019-08-05,Price Close,2844.74
2019-08-06,Price Close,2881.77
2019-08-07,Price Close,2883.98
2019-08-08,Price Close,2938.09
2019-08-09,Price Close,2918.65
2019-08-12,Price Close,2883.75
2019-08-13,Price Close,2926.32
2019-08-14,Price Close,2840.6
2019-08-15,Price Close,2847.6
2019-08-16,Price Close,2888.68
2019-08-19,Price Close,2923.65
2019-08-20,Price Close,2900.51
2019-08-21,Price Close,2924.43
2019-08-22,Price Close,2922.95
2019-08-23,Price Close,2847.11
2019-08-26,Price Close,2878.38
2019-08-27,Price Close,2869.16
2019-08-28,Price Close,2887.94
2019-08-29,Price Close,2924.58
2019-08-30,Price Close,2926.46
2019-09-03,Price Close,2906.27
2019-09-04,Price Close,2937.78
2019-09-05,Price Close,2976.0
2019-09-06,Price Close,2978.71
2019-09-09,Price Close,2978.43
2019-09-10,Price Close,2979.39
2019-09-11,Price Close,3000.93
2019-09-12,Price Close,3009.57
2019-09-13,Price Close,3007.39
2019-09-16,Price Close,2997.96
2019-09-17,Price Close,3005.7
2019-09-18,Price Close,3006.73
2019-09-19,Price Close,3006.79
2019-09-20,Price Close,2992.07
2019-09-23,Price Close,2991.78
2019-09-24,Price Close,2966.6
2019-09-25,Price Close,2984.87
2019-09-26,Price Close,2977.62
2019-09-27,Price Close,2961.79
2019-09-30,Price Close,2976.74
2019-10-01,Price Close,2940.25
2019-10-02,Price Close,2887.61
2019-10-03,Price Close,2910.63
2019-10-04,Price Close,2952.01
2019-10-07,Price Close,2938.79
2019-10-08,Price Close,2893.06
2019-10-09,Price Close,2919.4
2019-10-10,Price Close,2938.13
2019-10-11,Price Close,2970.27
2019-10-14,Price Close,2966.15
2019-10-15,Price Close,2995.68
2019-10-16,Price Close,2989.69
2019-10-17,Price Close,2997.95
2019-10-18,Price Close,2986.2
2019-10-21,Price Close,3006.72
2019-10-22,Price Close,2995.99
2019-10-23,Price Close,3004.52
2019-10-24,Price Close,3010.29
2019-10-25,Price Close,3022.55
2019-10-28,Price Close,3039.42
2019-10-29,Price Close,3036.89
2019-10-30,Price Close,3046.77
2019-10-31,Price Close,3037.56
2019-11-01,Price Close,3066.91
2019-11-04,Price Close,3078.27
2019-11-05,Price Close,3074.62
2019-11-06,Price Close,3076.78
2019-11-07,Price Close,3085.18
2019-11-08,Price Close,3093.08
2019-11-11,Price Close,3087.01
2019-11-12,Price Close,3091.84
2019-11-13,Price Close,3094.04
2019-11-14,Price Close,3096.63
2019-11-15,Price Close,3120.46
2019-11-18,Price Close,3122.03
2019-11-19,Price Close,3120.18
2019-11-20,Price Close,3108.46
2019-11-21,Price Close,3103.54
2019-11-22,Price Close,3110.29
2019-11-25,Price Close,3133.64
2019-11-26,Price Close,3140.52
2019-11-27,Price Close,3153.63
2019-11-29,Price Close,3140.98
2019-12-02,Price Close,3113.87
2019-12-03,Price Close,3093.2
2019-12-04,Price Close,3112.76
2019-12-05,Price Close,3117.43
2019-12-06,Price Close,3145.91
2019-12-09,Price Close,3135.96
2019-12-10,Price Close,3132.52
2019-12-11,Price Close,3141.63
2019-12-12,Price Close,3168.57
2019-12-13,Price Close,3168.8
2019-12-16,Price Close,3191.45
2019-12-17,Price Close,3192.52
2019-12-18,Price Close,3191.14
2019-12-19,Price Close,3205.37
2019-12-20,Price Close,3221.22
2019-12-23,Price Close,3224.01
2019-12-24,Price Close,3223.38
2019-12-26,Price Close,3239.91
2019-12-27,Price Close,3240.02
2019-12-30,Price Close,3221.29
2019-12-31,Price Close,3230.78
2020-01-02,Price Close,3257.85
2020-01-03,Price Close,3234.85
2020-01-06,Price Close,3246.28
2020-01-07,Price Close,3237.18
2020-01-08,Price Close,3253.05
2020-01-09,Price Close,3274.7
2020-01-10,Price Close,3265.35
2020-01-13,Price Close,3288.13
2020-01-14,Price Close,3283.15
2020-01-15,Price Close,3289.29
2020-01-16,Price Close,3316.81
2020-01-17,Price Close,3329.62
2020-01-21,Price Close,3320.79
2020-01-22,Price Close,3321.75
2020-01-23,Price Close,3325.54
2020-01-24,Price Close,3295.47
2020-01-27,Price Close,3243.63
2020-01-28,Price Close,3276.24
2020-01-29,Price Close,3273.4
2020-01-30,Price Close,3283.66
2020-01-31,Price Close,3225.52
2020-02-03,Price Close,3248.92
2020-02-04,Price Close,3297.59
2020-02-05,Price Close,3334.69
2020-02-06,Price Close,3345.78
2020-02-07,Price Close,3327.71
2020-02-10,Price Close,3352.09
2020-02-11,Price Close,3357.75
2020-02-12,Price Close,3379.45
2020-02-13,Price Close,3373.94
2020-02-14,Price Close,3380.16
2020-02-18,Price Close,3370.29
2020-02-19,Price Close,3386.15
2020-02-20,Price Close,3373.23
2020-02-21,Price Close,3337.75
2020-02-24,Price Close,3225.89
2020-02-25,Price Close,3128.21
2020-02-26,Price Close,3116.39
2020-02-27,Price Close,2978.76
2020-02-28,Price Close,2954.22
2020-03-02,Price Close,3090.23
2020-03-03,Price Close,3003.37
2020-03-04,Price Close,3130.12
2020-03-05,Price Close,3023.94
2020-03-06,Price Close,2972.37
2020-03-09,Price Close,2746.56
2020-03-10,Price Close,2882.23
2020-03-11,Price Close,2741.38
2020-03-12,Price Close,2480.64
2020-03-13,Price Close,2711.02
2020-03-16,Price Close,2386.13
2020-03-17,Price Close,2529.19
2020-03-18,Price Close,2398.1
2020-03-19,Price Close,2409.39
2020-03-20,Price Close,2304.92
2020-03-23,Price Close,2237.4
2020-03-24,Price Close,2447.33
2020-03-25,Price Close,2475.56
2020-03-26,Price Close,2630.07
2020-03-27,Price Close,2541.47
2020-03-30,Price Close,2626.65
2020-03-31,Price Close,2584.59
2020-04-01,Price Close,2470.5
2020-04-02,Price Close,2526.9
2020-04-03,Price Close,2488.65
2020-04-06,Price Close,2663.68
2020-04-07,Price Close,2659.41
2020-04-08,Price Close,2749.98
2020-04-09,Price Close,2789.82
2020-04-13,Price Close,2761.63
2020-04-14,Price Close,2846.06
2020-04-15,Price Close,2783.36
2020-04-16,Price Close,2799.55
2020-04-17,Price Close,2874.56
2020-04-20,Price Close,2823.16
2020-04-21,Price Close,2736.56
2020-04-22,Price Close,2799.31
2020-04-23,Price Close,2797.8
2020-04-24,Price Close,2836.74
2020-04-27,Price Close,2878.48
2020-04-28,Price Close,2863.39
2020-04-29,Price Close,2939.51
2020-04-30,Price Close,2912.43
2020-05-01,Price Close,2830.71
2020-05-04,Price Close,2842.74
2020-05-05,Price Close,2868.44
2020-05-06,Price Close,2848.42
2020-05-07,Price Close,2881.19
2020-05-08,Price Close,2929.8
2020-05-11,Price Close,2930.32
2020-05-12,Price Close,2870.12
2020-05-13,Price Close,2820.0
2020-05-14,Price Close,2852.5
2020-05-15,Price Close,2863.7
2020-05-18,Price Close,2953.91
2020-05-19,Price Close,2922.94
2020-05-20,Price Close,2971.61
2020-05-21,Price Close,2948.51
2020-05-22,Price Close,2955.45
2020-05-26,Price Close,2991.77
2020-05-27,Price Close,3036.13
2020-05-28,Price Close,3029.73
2020-05-29,Price Close,3044.31
2020-06-01,Price Close,3055.73
2020-06-02,Price Close,3080.82
2020-06-03,Price Close,3122.87
2020-06-04,Price Close,3112.35
2020-06-05,Price Close,3193.93
2020-06-08,Price Close,3232.39
2020-06-09,Price Close,3207.18
2020-06-10,Price Close,3190.14
2020-06-11,Price Close,3002.1
2020-06-12,Price Close,3041.31
2020-06-15,Price Close,3066.59
2020-06-16,Price Close,3124.74
2020-06-17,Price Close,3113.49
2020-06-18,Price Close,3115.34
2020-06-19,Price Close,3097.74
2020-06-22,Price Close,3117.86
2020-06-23,Price Close,3131.29
2020-06-24,Price Close,3050.33
2020-06-25,Price Close,3083.76
2020-06-26,Price Close,3009.05
2020-06-29,Price Close,3053.24
2020-06-30,Price Close,3100.29
2020-07-01,Price Close,3115.86
2020-07-02,Price Close,3130.01
2020-07-06,Price Close,3179.72
2020-07-07,Price Close,3145.32
2020-07-08,Price Close,3169.94
2020-07-09,Price Close,3152.05
2020-07-10,Price Close,3185.04
2020-07-13,Price Close,3155.22
2020-07-14,Price Close,3197.52
2020-07-15,Price Close,3226.56
2020-07-16,Price Close,3215.57
2020-07-17,Price Close,3224.73
2020-07-20,Price Close,3251.84
2020-07-21,Price Close,3257.3
2020-07-22,Price Close,3276.02
2020-07-23,Price Close,3235.66
2020-07-24,Price Close,3215.63
2020-07-27,Price Close,3239.41
2020-07-28,Price Close,3218.44
2020-07-29,Price Close,3258.44
2020-07-30,Price Close,3246.22
2020-07-31,Price Close,3271.12
2020-08-03,Price Close,3294.61
2020-08-04,Price Close,3306.51
2020-08-05,Price Close,3327.77
2020-08-06,Price Close,3349.16
2020-08-07,Price Close,3351.28
2020-08-10,Price Close,3360.47
2020-08-11,Price Close,3333.69
2020-08-12,Price Close,3380.35
2020-08-13,Price Close,3373.43
2020-08-14,Price Close,3372.85
2020-08-17,Price Close,3381.99
2020-08-18,Price Close,3389.78
2020-08-19,Price Close,3374.85
2020-08-20,Price Close,3385.51
2020-08-21,Price Close,3397.16
2020-08-24,Price Close,3431.28
2020-08-25,Price Close,3443.62
2020-08-26,Price Close,3478.73
2020-08-27,Price Close,3484.55
2020-08-28,Price Close,3508.01
2020-08-31,Price Close,3500.31
2020-09-01,Price Close,3526.65
2020-09-02,Price Close,3580.84
2020-09-03,Price Close,3455.06
2020-09-04,Price Close,3426.96
2020-09-08,Price Close,3331.84
2020-09-09,Price Close,3398.96
2020-09-10,Price Close,3339.19
2020-09-11,Price Close,3340.97
2020-09-14,Price Close,3383.54
2020-09-15,Price Close,3401.2
2020-09-16,Price Close,3385.49
2020-09-17,Price Close,3357.01
2020-09-18,Price Close,3319.47
2020-09-21,Price Close,3281.06
2020-09-22,Price Close,3315.57
2020-09-23,Price Close,3236.92
2020-09-24,Price Close,3246.59
2020-09-25,Price Close,3298.46
2020-09-28,Price Close,3351.6
2020-09-29,Price Close,3335.47
2020-09-30,Price Close,3363.0
2020-10-01,Price Close,3380.8
2020-10-02,Price Close,3348.44
2020-10-05,Price Close,3408.63
2020-10-06,Price Close,3360.95
2020-10-07,Price Close,3419.45
2020-10-08,Price Close,3446.83
2020-10-09,Price Close,3477.13
2020-10-12,Price Close,3534.22
2020-10-13,Price Close,3511.93
2020-10-14,Price Close,3488.67
2020-10-15,Price Close,3483.34
2020-10-16,Price Close,3483.81
2020-10-19,Price Close,3426.92
2020-10-20,Price Close,3443.12
2020-10-21,Price Close,3435.56
2020-10-22,Price Close,3453.49
2020-10-23,Price Close,3465.39
2020-10-26,Price Close,3400.97
2020-10-27,Price Close,3390.68
2020-10-28,Price Close,3271.03
2020-10-29,Price Close,3310.11
2020-10-30,Price Close,3269.96
2020-11-02,Price Close,3310.24
2020-11-03,Price Close,3369.16
2020-11-04,Price Close,3443.44
2020-11-05,Price Close,3510.45
2020-11-06,Price Close,3509.44
2020-11-09,Price Close,3550.5
2020-11-10,Price Close,3545.53
2020-11-11,Price Close,3572.66
2020-11-12,Price Close,3537.01
2020-11-13,Price Close,3585.15
2020-11-16,Price Close,3626.91
2020-11-17,Price Close,3609.53
2020-11-18,Price Close,3567.79
2020-11-19,Price Close,3581.87
2020-11-20,Price Close,3557.54
2020-11-23,Price Close,3577.59
2020-11-24,Price Close,3635.41
2020-11-25,Price Close,3629.65
2020-11-27,Price Close,3638.35
2020-11-30,Price Close,3621.63
2020-12-01,Price Close,3662.45
2020-12-02,Price Close,3669.01
2020-12-03,Price Close,3666.72
2020-12-04,Price Close,3699.12
2020-12-07,Price Close,3691.96
2020-12-08,Price Close,3702.25
2020-12-09,Price Close,3672.82
2020-12-10,Price Close,3668.1
2020-12-11,Price Close,3663.46
2020-12-14,Price Close,3647.49
2020-12-15,Price Close,3694.62
2020-12-16,Price Close,3701.17
2020-12-17,Price Close,3722.48
2020-12-18,Price Close,3709.41
2020-12-21,Price Close,3694.92
2020-12-22,Price Close,3687.26
2020-12-23,Price Close,3690.01
2020-12-24,Price Close,3703.06
2020-12-28,Price Close,3735.36
2020-12-29,Price Close,3727.04
2020-12-30,Price Close,3732.04
2020-12-31,Price Close,3756.07
2021-01-04,Price Close,3700.65
2021-01-05,Price Close,3726.86
2021-01-06,Price Close,3748.14
2021-01-07,Price Close,3803.79
2021-01-08,Price Close,3824.68
2021-01-11,Price Close,3799.61
2021-01-12,Price Close,3801.19
2021-01-13,Price Close,3809.84
2021-01-14,Price Close,3795.54
2021-01-15,Price Close,3768.25
2021-01-19,Price Close,3798.91
2021-01-20,Price Close,3851.85
2021-01-21,Price Close,3853.07
2021-01-22,Price Close,3841.47
2021-01-25,Price Close,3855.36
2021-01-26,Price Close,3849.62
2021-01-27,Price Close,3750.77
2021-01-28,Price Close,3787.38
2021-01-29,Price Close,3714.24
2021-02-01,Price Close,3773.86
2021-02-02,Price Close,3826.31
2021-02-03,Price Close,3830.17
2021-02-04,Price Close,3871.74
2021-02-05,Price Close,3886.83
2021-02-08,Price Close,3915.59
2021-02-09,Price Close,3911.23
2021-02-10,Price Close,3909.88
2021-02-11,Price Close,3916.38
2021-02-12,Price Close,3934.83
2021-02-16,Price Close,3932.59
2021-02-17,Price Close,3931.33
2021-02-18,Price Close,3913.97
2021-02-19,Price Close,3906.71
2021-02-22,Price Close,3876.5
2021-02-23,Price Close,3881.37
2021-02-24,Price Close,3925.43
2021-02-25,Price Close,3829.34
2021-02-26,Price Close,3811.15
2021-03-01,Price Close,3901.82
2021-03-02,Price Close,3870.29
2021-03-03,Price Close,3819.72
2021-03-04,Price Close,3768.47
2021-03-05,Price Close,3841.94
2021-03-08,Price Close,3821.35
2021-03-09,Price Close,3875.44
2021-03-10,Price Close,3898.81
2021-03-11,Price Close,3939.34
2021-03-12,Price Close,3943.34
2021-03-15,Price Close,3968.94
2021-03-16,Price Close,3962.71
2021-03-17,Price Close,3974.12
2021-03-18,Price Close,3915.46
2021-03-19,Price Close,3913.1
2021-03-22,Price Close,3940.59
2021-03-23,Price Close,3910.52
2021-03-24,Price Close,3889.14
2021-03-25,Price Close,3909.52
2021-03-26,Price Close,3974.54
2021-03-29,Price Close,3971.09
2021-03-30,Price Close,3958.55
2021-03-31,Price Close,3972.89
2021-04-01,Price Close,4019.87
2021-04-05,Price Close,4077.91
2021-04-06,Price Close,4073.94
2021-04-07,Price Close,4079.95
2021-04-08,Price Close,4097.17
2021-04-09,Price Close,4128.8
2021-04-12,Price Close,4127.99
2021-04-13,Price Close,4141.59
2021-04-14,Price Close,4124.66
2021-04-15,Price Close,4170.42
2021-04-16,Price Close,4185.47
2021-04-19,Price Close,4163.26
2021-04-20,Price Close,4134.94
2021-04-21,Price Close,4173.42
2021-04-22,Price Close,4134.98
2021-04-23,Price Close,4180.17
2021-04-26,Price Close,4187.62
2021-04-27,Price Close,4186.72
2021-04-28,Price Close,4183.18
2021-04-29,Price Close,4211.47
2021-04-30,Price Close,4181.17
2021-05-03,Price Close,4192.66
2021-05-04,Price Close,4164.66
2021-05-05,Price Close,4167.59
2021-05-06,Price Close,4201.62
2021-05-07,Price Close,4232.6
2021-05-10,Price Close,4188.43
2021-05-11,Price Close,4152.1
2021-05-12,Price Close,4063.04
2021-05-13,Price Close,4112.5
2021-05-14,Price Close,4173.85
2021-05-17,Price Close,4163.29
2021-05-18,Price Close,4127.83
2021-05-19,Price Close,4115.68
2021-05-20,Price Close,4159.12
2021-05-21,Price Close,4155.86
2021-05-24,Price Close,4197.05
2021-05-25,Price Close,4188.13
2021-05-26,Price Close,4195.99
2021-05-27,Price Close,4200.88
2021-05-28,Price Close,4204.11
2021-06-01,Price Close,4202.04
2021-06-02,Price Close,4208.12
2021-06-03,Price Close,4192.85
2021-06-04,Price Close,4229.89
2021-06-07,Price Close,4226.52
2021-06-08,Price Close,4227.26
2021-06-09,Price Close,4219.55
2021-06-10,Price Close,4239.18
2021-06-11,Price Close,4247.44
2021-06-14,Price Close,4255.15
2021-06-15,Price Close,4246.59
2021-06-16,Price Close,4223.7
2021-06-17,Price Close,4221.86
2021-06-18,Price Close,4166.45
2021-06-21,Price Close,4224.79
2021-06-22,Price Close,4246.44
2021-06-23,Price Close,4241.84
2021-06-24,Price Close,4266.49
2021-06-25,Price Close,4280.7
2021-06-28,Price Close,4290.61
2021-06-29,Price Close,4291.8
2021-06-30,Price Close,4297.5
2021-07-01,Price Close,4319.94
2021-07-02,Price Close,4352.34
2021-07-06,Price Close,4343.54
2021-07-07,Price Close,4358.13
2021-07-08,Price Close,4320.82
2021-07-09,Price Close,4369.55
2021-07-12,Price Close,4384.63
2021-07-13,Price Close,4369.21
2021-07-14,Price Close,4374.3
2021-07-15,Price Close,4360.03
2021-07-16,Price Close,4327.16
2021-07-19,Price Close,4258.49
2021-07-20,Price Close,4323.06
2021-07-21,Price Close,4358.69
2021-07-22,Price Close,4367.48
2021-07-23,Price Close,4411.79
2021-07-26,Price Close,4422.3
2021-07-27,Price Close,4401.46
2021-07-28,Price Close,4400.64
2021-07-29,Price Close,4419.15
2021-07-30,Price Close,4395.26
2021-08-02,Price Close,4387.16
2021-08-03,Price Close,4423.15
2021-08-04,Price Close,4402.66
2021-08-05,Price Close,4429.1
2021-08-06,Price Close,4436.52
2021-08-09,Price Close,4432.35
2021-08-10,Price Close,4436.75
2021-08-11,Price Close,4447.7
2021-08-12,Price Close,4460.83
2021-08-13,Price Close,4468.0
2021-08-16,Price Close,4479.71
2021-08-17,Price Close,4448.08
2021-08-18,Price Close,4400.27
2021-08-19,Price Close,4405.8
2021-08-20,Price Close,4441.67
2021-08-23,Price Close,4479.53
2021-08-24,Price Close,4486.23
2021-08-25,Price Close,4496.19
2021-08-26,Price Close,4470.0
2021-08-27,Price Close,4509.37
2021-08-30,Price Close,4528.79
2021-08-31,Price Close,4522.68
2021-09-01,Price Close,4524.09
2021-09-02,Price Close,4536.95
2021-09-03,Price Close,4535.43
2021-09-06,Price Close,4535.43
2021-09-07,Price Close,4520.03
2021-09-08,Price Close,4514.07
2021-09-09,Price Close,4493.28
2021-09-10,Price Close,4458.58
2021-09-13,Price Close,4468.73
2021-09-14,Price Close,4443.05
2021-09-15,Price Close,4480.7
2021-09-16,Price Close,4473.75
2021-09-17,Price Close,4432.99
2021-09-20,Price Close,4357.73
2021-09-21,Price Close,4354.19
2021-09-22,Price Close,4395.64
2021-09-23,Price Close,4448.98
2021-09-24,Price Close,4455.48
2021-09-27,Price Close,4443.11
2021-09-28,Price Close,4352.63
2021-09-29,Price Close,4359.46
2021-09-30,Price Close,4307.54
2021-10-01,Price Close,4357.04
2021-10-04,Price Close,4300.46
2021-10-05,Price Close,4345.72
2021-10-06,Price Close,4363.55
2021-10-07,Price Close,4399.76
2021-10-08,Price Close,4391.34
2021-10-11,Price Close,4361.19
2021-10-12,Price Close,4350.65
2021-10-13,Price Close,4363.8
2021-10-14,Price Close,4438.26
2021-10-15,Price Close,4471.37
2021-10-18,Price Close,4486.46
2021-10-19,Price Close,4519.63
2021-10-20,Price Close,4536.19
2021-10-21,Price Close,4549.78
2021-10-22,Price Close,4544.9
2021-10-25,Price Close,4566.48
2021-10-26,Price Close,4574.79
2021-10-27,Price Close,4551.68
2021-10-28,Price Close,4596.42
2021-10-29,Price Close,4605.38
2021-11-01,Price Close,4613.67
2021-11-02,Price Close,4630.65
2021-11-03,Price Close,4660.57
2021-11-04,Price Close,4680.06
2021-11-05,Price Close,4697.53
2021-11-08,Price Close,4701.7
2021-11-09,Price Close,4685.25
2021-11-10,Price Close,4646.71
2021-11-11,Price Close,4649.27
2021-11-12,Price Close,4682.85
2021-11-15,Price Close,4682.8
2021-11-16,Price Close,4700.9
2021-11-17,Price Close,4688.67
2021-11-18,Price Close,4704.54
2021-11-19,Price Close,4697.96
2021-11-22,Price Close,4682.94
2021-11-23,Price Close,4690.7
2021-11-24,Price Close,4701.46
2021-11-25,Price Close,4701.46
2021-11-26,Price Close,4594.62
2021-11-29,Price Close,4655.27
2021-11-30,Price Close,4567.0
2021-12-01,Price Close,4513.04
2021-12-02,Price Close,4577.1
2021-12-03,Price Close,4538.43
2021-12-06,Price Close,4591.67
2021-12-07,Price Close,4686.75
2021-12-08,Price Close,4701.21
2021-12-09,Price Close,4667.45
2021-12-10,Price Close,4712.02
2021-12-13,Price Close,4668.97
2021-12-14,Price Close,4634.09
2021-12-15,Price Close,4709.85
2021-12-16,Price Close,4668.67
2021-12-17,Price Close,4620.64
2021-12-20,Price Close,4568.02
2021-12-21,Price Close,4649.23
2021-12-22,Price Close,4696.56
2021-12-23,Price Close,4725.79
2021-12-24,Price Close,4725.79
2021-12-27,Price Close,4791.19
2021-12-28,Price Close,4786.35
2021-12-29,Price Close,4793.06
2021-12-30,Price Close,4778.73
2021-12-31,Price Close,4766.18
2022-01-03,Price Close,4796.56
2022-01-04,Price Close,4793.54
2022-01-05,Price Close,4700.58
2022-01-06,Price Close,4696.05
2022-01-07,Price Close,4677.03
2022-01-10,Price Close,4670.29
2022-01-11,Price Close,4713.07
2022-01-12,Price Close,4726.35
2022-01-13,Price Close,4659.03
2022-01-14,Price Close,4662.85
2022-01-17,Price Close,4662.85
2022-01-18,Price Close,4577.11
2022-01-19,Price Close,4532.76
2022-01-20,Price Close,4482.73
2022-01-21,Price Close,4397.94
2022-01-24,Price Close,4410.13
2022-01-25,Price Close,4356.45
2022-01-26,Price Close,4349.93
2022-01-27,Price Close,4326.51
2022-01-28,Price Close,4431.85
2022-01-31,Price Close,4515.55
2022-02-01,Price Close,4546.54
2022-02-02,Price Close,4589.38
2022-02-03,Price Close,4477.44
2022-02-04,Price Close,4500.53
2022-02-07,Price Close,4483.87
2022-02-08,Price Close,4521.54
2022-02-09,Price Close,4587.18
2022-02-10,Price Close,4504.08
2022-02-11,Price Close,4418.64
2022-02-14,Price Close,4401.67
2022-02-15,Price Close,4471.07
2022-02-16,Price Close,4475.01
2022-02-17,Price Close,4380.26
2022-02-18,Price Close,4348.87
2022-02-21,Price Close,4348.87
2022-02-22,Price Close,4304.76
2022-02-23,Price Close,4225.5
2022-02-24,Price Close,4288.7
2022-02-25,Price Close,4384.65
2022-02-28,Price Close,4373.94
2022-03-01,Price Close,4306.26
2022-03-02,Price Close,4386.54
2022-03-03,Price Close,4363.49
2022-03-04,Price Close,4328.87
2022-03-07,Price Close,4201.09
2022-03-08,Price Close,4170.7
2022-03-09,Price Close,4277.88
2022-03-10,Price Close,4259.52
2022-03-11,Price Close,4204.31
2022-03-14,Price Close,4173.11
2022-03-15,Price Close,4262.45
2022-03-16,Price Close,4357.86
2022-03-17,Price Close,4411.67
2022-03-18,Price Close,4463.12
2022-03-21,Price Close,4461.18
2022-03-22,Price Close,4511.61
2022-03-23,Price Close,4456.24
2022-03-24,Price Close,4520.16
2022-03-25,Price Close,4543.06
2022-03-28,Price Close,4575.52
2022-03-29,Price Close,4631.6
2022-03-30,Price Close,4602.45
2022-03-31,Price Close,4530.41
2022-04-01,Price Close,4545.86
2022-04-04,Price Close,4582.64
2022-04-05,Price Close,4525.12
2022-04-06,Price Close,4481.15
2022-04-07,Price Close,4500.21
2022-04-08,Price Close,4488.28
2022-04-11,Price Close,4412.53
2022-04-12,Price Close,4397.45
2022-04-13,Price Close,4446.59
2022-04-14,Price Close,4392.59
2022-04-15,Price Close,4392.59
2022-04-18,Price Close,4391.69
2022-04-19,Price Close,4462.21
2022-04-20,Price Close,4459.45
2022-04-21,Price Close,4393.66
2022-04-22,Price Close,4271.78
2022-04-25,Price Close,4296.12
2022-04-26,Price Close,4175.2
2022-04-27,Price Close,4183.96
2022-04-28,Price Close,4287.5
2022-04-29,Price Close,4131.93
2022-05-02,Price Close,4155.38
2022-05-03,Price Close,4175.48
2022-05-04,Price Close,4300.17
2022-05-05,Price Close,4146.87
2022-05-06,Price Close,4123.34
2022-05-09,Price Close,3991.24
2022-05-10,Price Close,4001.05
2022-05-11,Price Close,3935.18
2022-05-12,Price Close,3930.08
2022-05-13,Price Close,4023.89
2022-05-16,Price Close,4008.01
2022-05-17,Price Close,4088.85
2022-05-18,Price Close,3923.68
2022-05-19,Price Close,3900.79
2022-05-20,Price Close,3901.36
2022-05-23,Price Close,3973.75
2022-05-24,Price Close,3941.48
2022-05-25,Price Close,3978.73
2022-05-26,Price Close,4057.84
2022-05-27,Price Close,4158.24
2022-05-30,Price Close,4158.24
2022-05-31,Price Close,4132.15
2022-06-01,Price Close,4101.23
2022-06-02,Price Close,4176.82
2022-06-03,Price Close,4108.54
2022-06-06,Price Close,4121.43
2022-06-07,Price Close,4160.68
2022-06-08,Price Close,4115.77
2022-06-09,Price Close,4017.82
2022-06-10,Price Close,3900.86
2022-06-13,Price Close,3749.63
2022-06-14,Price Close,3735.48
2022-06-15,Price Close,3789.99
2022-06-16,Price Close,3666.77
2022-06-17,Price Close,3674.84
2022-06-20,Price Close,3674.84
2022-06-21,Price Close,3764.79
2022-06-22,Price Close,3759.89
2022-06-23,Price Close,3795.73
2022-06-24,Price Close,3911.74
2022-06-27,Price Close,3900.11
2022-06-28,Price Close,3821.55
2022-06-29,Price Close,3818.83
2022-06-30,Price Close,3785.38
2022-07-01,Price Close,3825.33
2022-07-04,Price Close,3825.33
2022-07-05,Price Close,3831.39
2022-07-06,Price Close,3845.08
2022-07-07,Price Close,3902.62
2022-07-08,Price Close,3899.38
2022-07-11,Price Close,3854.43
2022-07-12,Price Close,3818.8
2022-07-13,Price Close,3801.78
2022-07-14,Price Close,3790.38
2022-07-15,Price Close,3863.16
2022-07-18,Price Close,3830.85
2022-07-19,Price Close,3936.69
2022-07-20,Price Close,3959.9
2022-07-21,Price Close,3998.95
2022-07-22,Price Close,3961.63
2022-07-25,Price Close,3966.84
2022-07-26,Price Close,3921.05
2022-07-27,Price Close,4023.61
2022-07-28,Price Close,4072.43
2022-07-29,Price Close,4130.29
2022-08-01,Price Close,4118.63
2022-08-02,Price Close,4091.19
2022-08-03,Price Close,4155.17
2022-08-04,Price Close,4151.94
2022-08-05,Price Close,4145.19
2022-08-08,Price Close,4140.06
2022-08-09,Price Close,4122.47
2022-08-10,Price Close,4210.24
2022-08-11,Price Close,4207.27
2022-08-12,Price Close,4280.15
2022-08-15,Price Close,4297.14
2022-08-16,Price Close,4305.2
2022-08-17,Price Close,4274.04
2022-08-18,Price Close,4283.74
2022-08-19,Price Close,4228.48
2022-08-22,Price Close,4137.99
2022-08-23,Price Close,4128.73
2022-08-24,Price Close,4140.77
2022-08-25,Price Close,4199.12
2022-08-26,Price Close,4057.66
2022-08-29,Price Close,4030.61
2022-08-30,Price Close,3986.16
2022-08-31,Price Close,3955.0
2022-09-01,Price Close,3966.85
2022-09-02,Price Close,3924.26
2022-09-05,Price Close,3924.26
2022-09-06,Price Close,3908.19
2022-09-07,Price Close,3979.87
2022-09-08,Price Close,4006.18
2022-09-09,Price Close,4067.36
2022-09-12,Price Close,4110.41
2022-09-13,Price Close,3932.69
2022-09-14,Price Close,3946.01
2022-09-15,Price Close,3901.35
2022-09-16,Price Close,3873.33
2022-09-19,Price Close,3899.89
2022-09-20,Price Close,3855.93
2022-09-21,Price Close,3789.93
2022-09-22,Price Close,3757.99
2022-09-23,Price Close,3693.23
2022-09-26,Price Close,3655.04
2022-09-27,Price Close,3647.29
2022-09-28,Price Close,3719.04
2022-09-29,Price Close,3640.47
2022-09-30,Price Close,3585.62
2022-10-03,Price Close,3678.43
2022-10-04,Price Close,3790.93
2022-10-05,Price Close,3783.28
2022-10-06,Price Close,3744.52
2022-10-07,Price Close,3639.66
2022-10-10,Price Close,3612.39
2022-10-11,Price Close,3588.84
2022-10-12,Price Close,3577.03
2022-10-13,Price Close,3669.91
2022-10-14,Price Close,3583.07
2022-10-17,Price Close,3677.95
2022-10-18,Price Close,3719.98
2022-10-19,Price Close,3695.16
2022-10-20,Price Close,3665.78
2022-10-21,Price Close,3752.75
2022-10-24,Price Close,3797.34
2022-10-25,Price Close,3859.11
2022-10-26,Price Close,3830.6
2022-10-27,Price Close,3807.3
2022-10-28,Price Close,3901.06
2022-10-31,Price Close,3871.98
2022-11-01,Price Close,3856.1
2022-11-02,Price Close,3759.69
2022-11-03,Price Close,3719.89
2022-11-04,Price Close,3770.55
2022-11-07,Price Close,3806.8
2022-11-08,Price Close,3828.11
2022-11-09,Price Close,3748.57
2022-11-10,Price Close,3956.37
2022-11-11,Price Close,3992.93
2022-11-14,Price Close,3957.25
2022-11-15,Price Close,3991.73
2022-11-16,Price Close,3958.79
2022-11-17,Price Close,3946.56
2022-11-18,Price Close,3965.34
2022-11-21,Price Close,3949.94
2022-11-22,Price Close,4003.58
2022-11-23,Price Close,4027.26
2022-11-25,Price Close,4026.12
2022-11-28,Price Close,3963.94
2022-11-29,Price Close,3957.63
2022-11-30,Price Close,4080.11
2022-12-01,Price Close,4076.57
2022-12-02,Price Close,4071.7
2022-12-05,Price Close,3998.84
2022-12-06,Price Close,3941.26
2022-12-07,Price Close,3933.92
2022-12-08,Price Close,3963.51
2022-12-09,Price Close,3934.38
2022-12-12,Price Close,3990.56
2022-12-13,Price Close,4019.65
2022-12-14,Price Close,3995.32
2022-12-15,Price Close,3895.75
2022-12-16,Price Close,3852.36
2022-12-19,Price Close,3817.66
2022-12-20,Price Close,3821.62
2022-12-21,Price Close,3878.44
2022-12-22,Price Close,3822.39
2022-12-23,Price Close,3844.82
2022-12-27,Price Close,3829.25
2022-12-28,Price Close,3783.22
2022-12-29,Price Close,3849.28
2022-12-30,Price Close,3839.5
2023-01-03,Price Close,3824.14
2023-01-04,Price Close,3852.97
2023-01-05,Price Close,3808.1
2023-01-06,Price Close,3895.08
2023-01-09,Price Close,3892.09
2023-01-10,Price Close,3919.25
2023-01-11,Price Close,3969.61
2023-01-12,Price Close,3983.17
2023-01-13,Price Close,3999.09
2023-01-17,Price Close,3990.97
2023-01-18,Price Close,3928.86
2023-01-19,Price Close,3898.85
2023-01-20,Price Close,3972.61
2023-01-23,Price Close,4019.81
2023-01-24,Price Close,4016.95
2023-01-25,Price Close,4016.22
2023-01-26,Price Close,4060.43
2023-01-27,Price Close,4070.56
2023-01-30,Price Close,4017.77
2023-01-31,Price Close,4076.6
2023-02-01,Price Close,4119.21
2023-02-02,Price Close,4179.76
2023-02-03,Price Close,4136.48
2023-02-06,Price Close,4111.08
2023-02-07,Price Close,4164.0
2023-02-08,Price Close,4117.86
2023-02-09,Price Close,4081.5
2023-02-10,Price Close,4090.46
2023-02-13,Price Close,4137.29
2023-02-14,Price Close,4136.13
2023-02-15,Price Close,4147.6
2023-02-16,Price Close,4090.41
2023-02-17,Price Close,4079.09
2023-02-21,Price Close,3997.34
2023-02-22,Price Close,3991.05
2023-02-23,Price Close,4012.32
2023-02-24,Price Close,3970.04
2023-02-27,Price Close,3982.24
2023-02-28,Price Close,3970.15
2023-03-01,Price Close,3951.39
2023-03-02,Price Close,3981.35
2023-03-03,Price Close,4045.64
2023-03-06,Price Close,4048.42
2023-03-07,Price Close,3986.37
2023-03-08,Price Close,3992.01
2023-03-09,Price Close,3918.32
2023-03-10,Price Close,3861.59
2023-03-13,Price Close,3855.76
2023-03-14,Price Close,3919.29
2023-03-15,Price Close,3891.93
2023-03-16,Price Close,3960.28
2023-03-17,Price Close,3916.64
2023-03-20,Price Close,3951.57
2023-03-21,Price Close,4002.87
2023-03-22,Price Close,3936.97
2023-03-23,Price Close,3948.72
2023-03-24,Price Close,3970.99
2023-03-27,Price Close,3977.53
2023-03-28,Price Close,3971.27
2023-03-29,Price Close,4027.81
2023-03-30,Price Close,4050.83
2023-03-31,Price Close,4109.31
2023-04-03,Price Close,4124.51
2023-04-04,Price Close,4100.6
2023-04-05,Price Close,4090.38
2023-04-06,Price Close,4105.02
2023-04-10,Price Close,4109.11
2023-04-11,Price Close,4108.94
2023-04-12,Price Close,4091.95
2023-04-13,Price Close,4146.22
2023-04-14,Price Close,4137.64
2023-04-17,Price Close,4151.32
2023-04-18,Price Close,4154.87
2023-04-19,Price Close,4154.52
2023-04-20,Price Close,4129.79
2023-04-21,Price Close,4133.52
2023-04-24,Price Close,4137.04
2023-04-25,Price Close,4071.63
2023-04-26,Price Close,4055.99
2023-04-27,Price Close,4135.35
2023-04-28,Price Close,4169.48
2023-05-01,Price Close,4167.87
2023-05-02,Price Close,4119.58
2023-05-03,Price Close,4090.75
2023-05-04,Price Close,4061.22
2023-05-05,Price Close,4136.25
2023-05-08,Price Close,4138.12
2023-05-09,Price Close,4119.17
2023-05-10,Price Close,4137.64
2023-05-11,Price Close,4130.62
2023-05-12,Price Close,4124.08
2023-05-15,Price Close,4136.28
2023-05-16,Price Close,4109.9
2023-05-17,Price Close,4158.77
2023-05-18,Price Close,4198.05
2023-05-19,Price Close,4191.98
2023-05-22,Price Close,4192.63
2023-05-23,Price Close,4145.58
2023-05-24,Price Close,4115.24
2023-05-25,Price Close,4151.28
2023-05-26,Price Close,4205.45
2023-05-30,Price Close,4205.52
2023-05-31,Price Close,4179.83
2023-06-01,Price Close,4221.02
2023-06-02,Price Close,4282.37
2023-06-05,Price Close,4273.79
2023-06-06,Price Close,4283.85
2023-06-07,Price Close,4267.52
2023-06-08,Price Close,4293.93
2023-06-09,Price Close,4298.86
2023-06-12,Price Close,4338.93
2023-06-13,Price Close,4369.01
2023-06-14,Price Close,4372.59
2023-06-15,Price Close,4425.84
2023-06-16,Price Close,4409.59
2023-06-20,Price Close,4388.71
2023-06-21,Price Close,4365.69
2023-06-22,Price Close,4381.89
2023-06-23,Price Close,4348.33
2023-06-26,Price Close,4328.82
2023-06-27,Price Close,4378.41
2023-06-28,Price Close,4376.86
2023-06-29,Price Close,4396.44
2023-06-30,Price Close,4450.38
2023-07-03,Price Close,4455.59
2023-07-05,Price Close,4446.82
2023-07-06,Price Close,4411.59
2023-07-07,Price Close,4398.95
2023-07-10,Price Close,4409.53
2023-07-11,Price Close,4439.26
2023-07-12,Price Close,4472.16
2023-07-13,Price Close,4510.04
2023-07-14,Price Close,4505.42
2023-07-17,Price Close,4522.79
2023-07-18,Price Close,4554.98
2023-07-19,Price Close,4565.72
2023-07-20,Price Close,4534.87
2023-07-21,Price Close,4536.34
2023-07-24,Price Close,4554.64
2023-07-25,Price Close,4567.46
2023-07-26,Price Close,4566.75
2023-07-27,Price Close,4537.41
2023-07-28,Price Close,4582.23
2023-07-31,Price Close,4588.96
2023-08-01,Price Close,4576.73
2023-08-02,Price Close,4513.39
2023-08-03,Price Close,4501.89
2023-08-04,Price Close,4478.03
2023-08-07,Price Close,4518.44
2023-08-08,Price Close,4499.38
2023-08-09,Price Close,4467.71
2023-08-10,Price Close,4468.83
2023-08-11,Price Close,4464.05
2023-08-14,Price Close,4489.72
2023-08-15,Price Close,4437.86
2023-08-16,Price Close,4404.33
2023-08-17,Price Close,4370.36
2023-08-18,Price Close,4369.71
2023-08-21,Price Close,4399.77
2023-08-22,Price Close,4387.55
2023-08-23,Price Close,4436.01
2023-08-24,Price Close,4376.31
2023-08-25,Price Close,4405.71
2023-08-28,Price Close,4433.31
2023-08-29,Price Close,4497.63
2023-08-30,Price Close,4514.87
2023-08-31,Price Close,4507.66
2023-09-01,Price Close,4515.77
2023-09-05,Price Close,4496.83
2023-09-06,Price Close,4465.48
2023-09-07,Price Close,4451.14
2023-09-08,Price Close,4457.49
2023-09-11,Price Close,4487.46
2023-09-12,Price Close,4461.9
2023-09-13,Price Close,4467.44
2023-09-14,Price Close,4505.1
2023-09-15,Price Close,4450.32
2023-09-18,Price Close,4453.53
2023-09-19,Price Close,4443.95
2023-09-20,Price Close,4402.2
2023-09-21,Price Close,4330.0
2023-09-22,Price Close,4320.06
2023-09-25,Price Close,4337.44
2023-09-26,Price Close,4273.53
2023-09-27,Price Close,4274.51
2023-09-28,Price Close,4299.7
2023-09-29,Price Close,4288.05
2023-10-02,Price Close,4288.39
2023-10-03,Price Close,4229.45
2023-10-04,Price Close,4263.75
2023-10-05,Price Close,4258.19
2023-10-06,Price Close,4308.5
2023-10-09,Price Close,4335.66
2023-10-10,Price Close,4358.24
2023-10-11,Price Close,4376.95
2023-10-12,Price Close,4349.61
2023-10-13,Price Close,4327.78
2023-10-16,Price Close,4373.63
2023-10-17,Price Close,4373.2
2023-10-18,Price Close,4314.6
2023-10-19,Price Close,4278.0
2023-10-20,Price Close,4224.16
2023-10-23,Price Close,4217.04
2023-10-24,Price Close,4247.68
2023-10-25,Price Close,4186.77
2023-10-26,Price Close,4137.23
2023-10-27,Price Close,4117.37
2023-10-30,Price Close,4166.82
2023-10-31,Price Close,4193.8
2023-11-01,Price Close,4237.86
2023-11-02,Price Close,4317.78
2023-11-03,Price Close,4358.34
2023-11-06,Price Close,4365.98
2023-11-07,Price Close,4378.38
2023-11-08,Price Close,4382.78
2023-11-09,Price Close,4347.35
2023-11-10,Price Close,4415.24
2023-11-13,Price Close,4411.55
2023-11-14,Price Close,4495.7
2023-11-15,Price Close,4502.88
2023-11-16,Price Close,4508.24
2023-11-17,Price Close,4514.02
2023-11-20,Price Close,4547.38
2023-11-21,Price Close,4538.19
2023-11-22,Price Close,4556.62
2023-11-24,Price Close,4559.34
2023-11-27,Price Close,4550.43
2023-11-28,Price Close,4554.89
2023-11-29,Price Close,4550.58
2023-11-30,Price Close,4567.8
2023-12-01,Price Close,4594.63
2023-12-04,Price Close,4569.78
2023-12-05,Price Close,4567.18
2023-12-06,Price Close,4549.34
2023-12-07,Price Close,4585.59
2023-12-08,Price Close,4604.37
2023-12-11,Price Close,4622.44
2023-12-12,Price Close,4643.7
2023-12-13,Price Close,4707.09
2023-12-14,Price Close,4719.55
2023-12-15,Price Close,4719.19
2023-12-18,Price Close,4740.56
2023-12-19,Price Close,4768.37
2023-12-20,Price Close,4698.35
2023-12-21,Price Close,4746.75
2023-12-22,Price Close,4754.63
2023-12-26,Price Close,4774.75
2023-12-27,Price Close,4781.58
2023-12-28,Price Close,4783.35
2023-12-29,Price Close,4769.83
2024-01-02,Price Close,4742.83
2024-01-03,Price Close,4704.81
2024-01-04,Price Close,4688.68
2024-01-05,Price Close,4697.24
2024-01-08,Price Close,4763.54
2024-01-09,Price Close,4756.5
2024-01-10,Price Close,4783.45
2024-01-11,Price Close,4780.24
2024-01-12,Price Close,4783.83
2024-01-16,Price Close,4765.98
2024-01-17,Price Close,4739.21
2024-01-18,Price Close,4780.94
2024-01-19,Price Close,4839.81
2024-01-22,Price Close,4850.43
2024-01-23,Price Close,4864.6
2024-01-24,Price Close,4868.55
2024-01-25,Price Close,4894.16
2024-01-26,Price Close,4890.97
2024-01-29,Price Close,4927.93
2024-01-30,Price Close,4924.97
2024-01-31,Price Close,4845.65
2024-02-01,Price Close,4906.19
2024-02-02,Price Close,4958.61
2024-02-05,Price Close,4942.81
2024-02-06,Price Close,4954.23
2024-02-07,Price Close,4995.06
2024-02-08,Price Close,4997.91
2024-02-09,Price Close,5026.61
2024-02-12,Price Close,5021.84
2024-02-13,Price Close,4953.17
2024-02-14,Price Close,5000.62
2024-02-15,Price Close,5029.73
2024-02-16,Price Close,5005.57
2024-02-20,Price Close,4975.51
2024-02-21,Price Close,4981.8
2024-02-22,Price Close,5087.03
2024-02-23,Price Close,5088.8
2024-02-26,Price Close,5069.53
2024-02-27,Price Close,5078.18
2024-02-28,Price Close,5069.76
2024-02-29,Price Close,5096.27
2024-03-01,Price Close,5137.08
2024-03-04,Price Close,5130.95
2024-03-05,Price Close,5078.65
2024-03-06,Price Close,5104.76
2024-03-07,Price Close,5157.36
2024-03-08,Price Close,5123.69
2024-03-11,Price Close,5117.94
2024-03-12,Price Close,5175.27
2024-03-13,Price Close,5165.31
2024-03-14,Price Close,5150.48
2024-03-15,Price Close,5117.09
2024-03-18,Price Close,5149.42
2024-03-19,Price Close,5178.51
2024-03-20,Price Close,5224.62
2024-03-21,Price Close,5241.53
2024-03-22,Price Close,5234.18
2024-03-25,Price Close,5218.19
2024-03-26,Price Close,5203.58
2024-03-27,Price Close,5248.49
2024-03-28,Price Close,5254.35
2024-04-01,Price Close,5243.77
2024-04-02,Price Close,5205.81
2024-04-03,Price Close,5211.49
2024-04-04,Price Close,5147.21
2024-04-05,Price Close,5204.34
2024-04-08,Price Close,5202.39
2024-04-09,Price Close,5209.91
2024-04-10,Price Close,5160.64
2024-04-11,Price Close,5199.06
2024-04-12,Price Close,5123.41
2024-04-15,Price Close,5061.82
2024-04-16,Price Close,5051.41
2024-04-17,Price Close,5022.21
2024-04-18,Price Close,5011.12
2024-04-19,Price Close,4967.23
2024-04-22,Price Close,5010.6
2024-04-23,Price Close,5070.55
2024-04-24,Price Close,5071.63
2024-04-25,Price Close,5048.42
2024-04-26,Price Close,5099.96
2024-04-29,Price Close,5116.17
2024-04-30,Price Close,5035.69
2024-05-01,Price Close,5018.39
2024-05-02,Price Close,5064.2
2024-05-03,Price Close,5127.79
2024-05-06,Price Close,5180.74
2024-05-07,Price Close,5187.7
2024-05-08,Price Close,5187.67
2024-05-09,Price Close,5214.08
2024-05-10,Price Close,5222.68
2024-05-13,Price Close,5221.42
2024-05-14,Price Close,5246.68
2024-05-15,Price Close,5308.15
2024-05-16,Price Close,5297.1
2024-05-17,Price Close,5303.27
2024-05-20,Price Close,5308.13
2024-05-21,Price Close,5321.41
2024-05-22,Price Close,5307.01
2024-05-23,Price Close,5267.84
2024-05-24,Price Close,5304.72
2024-05-28,Price Close,5306.04
2024-05-29,Price Close,5266.95
2024-05-30,Price Close,5235.48
2024-05-31,Price Close,5277.51
2024-06-03,Price Close,5283.4
2024-06-04,Price Close,5291.34
2024-06-05,Price Close,5354.03
2024-06-06,Price Close,5352.96
2024-06-07,Price Close,5346.99
2024-06-10,Price Close,5360.79
2024-06-11,Price Close,5375.32
2024-06-12,Price Close,5421.03
2024-06-13,Price Close,5433.74
2024-06-14,Price Close,5431.6
2024-06-17,Price Close,5473.23
2024-06-18,Price Close,5487.03
2024-06-20,Price Close,5473.17
2024-06-21,Price Close,5464.62
2024-06-24,Price Close,5447.87
2024-06-25,Price Close,5469.3
2024-06-26,Price Close,5477.9
2024-06-27,Price Close,5482.87
2024-06-28,Price Close,5460.48
2024-07-01,Price Close,5475.09
2024-07-02,Price Close,5509.01
2024-07-03,Price Close,5537.02
2024-07-05,Price Close,5567.19
2024-07-08,Price Close,5572.85
2024-07-09,Price Close,5576.98
2024-07-10,Price Close,5633.91
2024-07-11,Price Close,5584.54
2024-07-12,Price Close,5615.35
2024-07-15,Price Close,5631.22
2024-07-16,Price Close,5667.2
2024-07-17,Price Close,5588.27
2024-07-18,Price Close,5544.59
2024-07-19,Price Close,5505.0
2024-07-22,Price Close,5564.41
2024-07-23,Price Close,5555.74
2024-07-24,Price Close,5427.13
2024-07-25,Price Close,5399.22
2024-07-26,Price Close,5459.1
2024-07-29,Price Close,5463.54
2024-07-30,Price Close,5436.44
2024-07-31,Price Close,5522.3
2024-08-01,Price Close,5446.68
2024-08-02,Price Close,5346.56
2024-08-05,Price Close,5186.33
2024-08-06,Price Close,5240.03
2024-08-07,Price Close,5199.5
2024-08-08,Price Close,5319.31
2024-08-09,Price Close,5344.16
2024-08-12,Price Close,5344.39
2024-08-13,Price Close,5434.43
2024-08-14,Price Close,5455.21
2024-08-15,Price Close,5543.22
2024-08-16,Price Close,5554.25
2024-08-19,Price Close,5608.25
2024-08-20,Price Close,5597.12
2024-08-21,Price Close,5620.85
2024-08-22,Price Close,5570.64
2024-08-23,Price Close,5634.61
2024-08-26,Price Close,5616.84
2024-08-27,Price Close,5625.8
2024-08-28,Price Close,5592.18
2024-08-29,Price Close,5591.96
2024-08-30,Price Close,5648.4
2024-09-03,Price Close,5528.93
2024-09-04,Price Close,5520.07
2024-09-05,Price Close,5503.41
2024-09-06,Price Close,5408.42
2024-09-09,Price Close,5471.05
2024-09-10,Price Close,5495.52
2024-09-11,Price Close,5554.13
2024-09-12,Price Close,5595.76
2024-09-13,Price Close,5626.02
2024-09-16,Price Close,5633.09
2024-09-17,Price Close,5634.58
2024-09-18,Price Close,5618.26
2024-09-19,Price Close,5713.64
2024-09-20,Price Close,5702.55
2024-09-23,Price Close,5718.57
2024-09-24,Price Close,5732.93
2024-09-25,Price Close,5722.26
2024-09-26,Price Close,5745.37
2024-09-27,Price Close,5738.17
2024-09-30,Price Close,5762.48
2024-10-01,Price Close,5708.75
2024-10-02,Price Close,5709.54
2024-10-03,Price Close,5699.94
2024-10-04,Price Close,5751.07
2024-10-07,Price Close,5695.94
2024-10-08,Price Close,5751.13
2024-10-09,Price Close,5792.04
2024-10-10,Price Close,5780.05
2024-10-11,Price Close,5815.03
2024-10-14,Price Close,5859.85
2024-10-15,Price Close,5815.26
2024-10-16,Price Close,5842.47
2024-10-17,Price Close,5841.47
2024-10-18,Price Close,5864.67
2024-10-21,Price Close,5853.98
2024-10-22,Price Close,5851.2
2024-10-23,Price Close,5797.42
2024-10-24,Price Close,5809.86
2024-10-25,Price Close,5808.12
2024-10-28,Price Close,5823.52
2024-10-29,Price Close,5832.92
2024-10-30,Price Close,5813.67
2024-10-31,Price Close,5705.45
2024-11-01,Price Close,5728.8
2024-11-04,Price Close,5712.69
2024-11-05,Price Close,5782.76
2024-11-06,Price Close,5929.04
2024-11-07,Price Close,5973.1
2024-11-08,Price Close,5995.54
2024-11-11,Price Close,6001.35
2024-11-12,Price Close,5983.99
2024-11-13,Price Close,5985.38
2024-11-14,Price Close,5949.17
2024-11-15,Price Close,5870.62
2024-11-18,Price Close,5893.62
2024-11-19,Price Close,5916.98
2024-11-20,Price Close,5917.11
2024-11-21,Price Close,5948.71
2024-11-22,Price Close,5969.34
2024-11-25,Price Close,5987.37
2024-11-26,Price Close,6021.63
2024-11-27,Price Close,5998.74
2024-11-29,Price Close,6032.38
2024-12-02,Price Close,6047.15
2024-12-03,Price Close,6049.88
2024-12-04,Price Close,6086.49
2024-12-05,Price Close,6075.11
2024-12-06,Price Close,6090.27
2024-12-09,Price Close,6052.85
2024-12-10,Price Close,6034.91
2024-12-11,Price Close,6084.19
2024-12-12,Price Close,6051.25
2024-12-13,Price Close,6051.09
2024-12-16,Price Close,6074.08
2024-12-17,Price Close,6050.61
2024-12-18,Price Close,5872.16
2024-12-19,Price Close,5867.08
2024-12-20,Price Close,5930.85
2024-12-23,Price Close,5974.07
2024-12-24,Price Close,6040.04
2024-12-26,Price Close,6037.59
2024-12-27,Price Close,5970.84
2024-12-30,Price Close,5906.94
2024-12-31,Price Close,5881.63
2025-01-02,Price Close,5868.55
2025-01-03,Price Close,5942.47
2025-01-06,Price Close,5975.38
2025-01-07,Price Close,5909.03
2025-01-08,Price Close,5918.25
2025-01-10,Price Close,5827.04
2025-01-13,Price Close,5836.22
2025-01-14,Price Close,5842.91
2025-01-15,Price Close,5949.91
2025-01-16,Price Close,5937.34
2025-01-17,Price Close,5996.66
2025-01-21,Price Close,6049.24
2025-01-22,Price Close,6086.37
2025-01-23,Price Close,6118.71
2025-01-24,Price Close,6101.24
2025-01-27,Price Close,6012.28
2025-01-28,Price Close,6067.7
2025-01-29,Price Close,6039.31
2025-01-30,Price Close,6071.17
2025-01-31,Price Close,6040.53
2025-02-03,Price Close,5994.57
2025-02-04,Price Close,6037.88
2025-02-05,Price Close,6061.48
2025-02-06,Price Close,6083.57
2025-02-07,Price Close,6025.99
2025-02-10,Price Close,6066.44
2025-02-11,Price Close,6068.5
2025-02-12,Price Close,6051.97
2025-02-13,Price Close,6115.07
2025-02-14,Price Close,6114.63
2025-02-18,Price Close,6129.58
2025-02-19,Price Close,6144.15
2025-02-20,Price Close,6117.52
2025-02-21,Price Close,6013.13
2025-02-24,Price Close,5983.25
2025-02-25,Price Close,5955.25
2025-02-26,Price Close,5956.06
2025-02-27,Price Close,5861.57
2025-02-28,Price Close,5954.5
2025-03-03,Price Close,5849.72
2025-03-04,Price Close,5778.15
2025-03-05,Price Close,5842.63
2025-03-06,Price Close,5738.52
2025-03-07,Price Close,5770.2
2025-03-10,Price Close,5614.56
2025-03-11,Price Close,5572.07
2025-03-12,Price Close,5599.3
2025-03-13,Price Close,5521.52
2025-03-14,Price Close,5638.94
2025-03-17,Price Close,5675.12
2025-03-18,Price Close,5614.66
2025-03-19,Price Close,5675.29
2025-03-20,Price Close,5662.89
2025-03-21,Price Close,5667.56
2025-03-24,Price Close,5767.57
2025-03-25,Price Close,5776.65
2025-03-26,Price Close,5712.2
2025-03-27,Price Close,5693.31
2025-03-28,Price Close,5580.94
2025-03-31,Price Close,5611.85
2025-04-01,Price Close,5633.07
2025-04-02,Price Close,5670.97
2025-04-03,Price Close,5396.52
2025-04-04,Price Close,5074.08
2025-04-07,Price Close,5062.25
2025-04-08,Price Close,4982.77
2025-04-09,Price Close,5456.9
2025-04-10,Price Close,5268.05
2025-04-11,Price Close,5363.36
2025-04-14,Price Close,5405.97
2025-04-15,Price Close,5396.63
2025-04-16,Price Close,5275.7
2025-04-17,Price Close,5282.7
2025-04-21,Price Close,5158.2
2025-04-22,Price Close,5287.76
2025-04-23,Price Close,5375.86
2025-04-24,Price Close,5484.77
2025-04-25,Price Close,5525.21
2025-04-28,Price Close,5528.75
2025-04-29,Price Close,5560.83
2025-04-30,Price Close,5569.06
2025-05-01,Price Close,5604.14
2025-05-02,Price Close,5686.67
2025-05-05,Price Close,5650.38
2025-05-06,Price Close,5606.91
2025-05-07,Price Close,5631.28
2025-05-08,Price Close,5663.94
2025-05-09,Price Close,5659.91
2025-05-12,Price Close,5844.19
2025-05-13,Price Close,5886.55
2025-05-14,Price Close,5892.58
2025-05-15,Price Close,5916.93
2025-05-16,Price Close,5958.38
2025-05-19,Price Close,5963.6
2025-05-20,Price Close,5940.46
2025-05-21,Price Close,5844.61
2025-05-22,Price Close,5842.01
2025-05-23,Price Close,5802.82
2025-05-27,Price Close,5921.54
2025-05-28,Price Close,5888.55
2025-05-29,Price Close,5912.17
2025-05-30,Price Close,5911.69
2025-06-02,Price Close,5935.94
2025-06-03,Price Close,5970.37
2025-06-04,Price Close,5970.81
2025-06-05,Price Close,5939.3
2025-06-06,Price Close,6000.36
2025-06-09,Price Close,6005.88
2025-06-10,Price Close,6038.81
2025-06-11,Price Close,6022.24
2025-06-12,Price Close,6045.26
2025-06-13,Price Close,5976.97
2025-06-16,Price Close,6033.11
2025-06-17,Price Close,5982.72
2025-06-18,Price Close,5980.87
2025-06-20,Price Close,5967.84
2025-06-23,Price Close,6025.17
2025-06-24,Price Close,6092.18
2025-06-25,Price Close,6092.16
2025-06-26,Price Close,6141.02
2025-06-27,Price Close,6173.07
2025-06-30,Price Close,6204.95
2025-07-01,Price Close,6198.01
2025-07-02,Price Close,6227.42
2025-07-03,Price Close,6279.35
2025-07-07,Price Close,6229.98
2025-07-08,Price Close,6225.52
2025-07-09,Price Close,6263.26
2025-07-10,Price Close,6280.46
2025-07-11,Price Close,6259.75
2025-07-14,Price Close,6268.56
2025-07-15,Price Close,6243.76
2025-07-16,Price Close,6263.7
2025-07-17,Price Close,6297.36
2025-07-18,Price Close,6296.79
2025-07-21,Price Close,6305.6
2025-07-22,Price Close,6309.62
2025-07-23,Price Close,6358.91
2025-07-24,Price Close,6363.35
2025-07-25,Price Close,6388.64
2025-07-28,Price Close,6389.77
2025-07-29,Price Close,6370.86
2025-07-30,Price Close,6362.9
2025-07-31,Price Close,6339.39
2025-08-01,Price Close,6238.01
2025-08-04,Price Close,6329.94
2025-08-05,Price Close,6299.19
2025-08-06,Price Close,6345.06
2025-08-07,Price Close,6340.0
2025-08-08,Price Close,6389.45
2025-08-11,Price Close,6373.45
2025-08-12,Price Close,6445.76
2025-08-13,Price Close,6466.58
2025-08-14,Price Close,6468.54
2025-08-15,Price Close,6449.8
2025-08-18,Price Close,6449.15
2025-08-19,Price Close,6411.37
2025-08-20,Price Close,6395.78
2025-08-21,Price Close,6370.17
2025-08-22,Price Close,6466.91
2025-08-25,Price Close,6439.32
2025-08-26,Price Close,6465.94
2025-08-27,Price Close,6481.4
2025-08-28,Price Close,6501.86
2025-08-29,Price Close,6460.26
2025-09-02,Price Close,6415.54
2025-09-03,Price Close,6448.26
2025-09-04,Price Close,6502.08
2025-09-05,Price Close,6481.5
2025-09-08,Price Close,6495.15
2025-09-09,Price Close,6512.61
2025-09-10,Price Close,6532.04
2025-09-11,Price Close,6587.47
2025-09-12,Price Close,6584.29
2025-09-15,Price Close,6615.28
2025-09-16,Price Close,6606.76
2025-09-17,Price Close,6600.35
2025-09-18,Price Close,6631.96
2025-09-19,Price Close,6664.36
2025-09-22,Price Close,6693.75
2025-09-23,Price Close,6656.92
2025-09-24,Price Close,6637.97
2025-09-25,Price Close,6604.72
2025-09-26,Price Close,6643.7
2025-09-29,Price Close,6661.21
2025-09-30,Price Close,6688.46
2025-10-01,Price Close,6711.2
2025-10-02,Price Close,6715.35
2025-10-03,Price Close,6715.79
2025-10-06,Price Close,6740.28
2025-10-07,Price Close,6714.59
2025-10-08,Price Close,6753.72
2025-10-09,Price Close,6735.11
2025-10-10,Price Close,6552.51
2025-10-13,Price Close,6654.72
2025-10-14,Price Close,6644.31
2025-10-15,Price Close,6671.06
2025-10-16,Price Close,6629.07
2025-10-17,Price Close,6664.01
2025-10-20,Price Close,6735.13
2025-10-21,Price Close,6735.35
2025-10-22,Price Close,6699.4
2025-10-23,Price Close,6738.44
2025-10-24,Price Close,6791.69
2025-10-27,Price Close,6875.16
2025-10-28,Price Close,6890.89
2025-10-29,Price Close,6890.59
2025-10-30,Price Close,6822.34
2025-10-31,Price Close,6840.2
2025-11-03,Price Close,6851.97
2025-11-04,Price Close,6771.55
2025-11-05,Price Close,6796.29
2025-11-06,Price Close,6720.32
2025-11-07,Price Close,6728.8
2025-11-10,Price Close,6832.43
2025-11-11,Price Close,6846.61
2025-11-12,Price Close,6850.92
2025-11-13,Price Close,6737.49
2025-11-14,Price Close,6734.11
2025-11-17,Price Close,6672.41
2025-11-18,Price Close,6617.32
2025-11-19,Price Close,6642.16
2025-11-20,Price Close,6538.76
2025-11-21,Price Close,6602.99
2025-11-24,Price Close,6705.12
2025-11-25,Price Close,6765.88
2025-11-26,Price Close,6812.61
2025-11-28,Price Close,6849.09
2025-12-01,Price Close,6812.63
2025-12-02,Price Close,6829.37
2025-12-03,Price Close,6849.72
2025-12-04,Price Close,6857.12
2025-12-05,Price Close,6870.4
2025-12-08,Price Close,6846.51
2025-12-09,Price Close,6840.51
2025-12-10,Price Close,6886.68
2025-12-11,Price Close,6901.0
2025-12-12,Price Close,6827.41
2025-12-15,Price Close,6816.51
2025-12-16,Price Close,6800.26
2025-12-17,Price Close,6721.43
2025-12-18,Price Close,6774.76
2025-12-19,Price Close,6834.5
2025-12-22,Price Close,6878.49
2025-12-23,Price Close,6909.79
2025-12-24,Price Close,6932.05
2025-12-26,Price Close,6929.94
2025-12-29,Price Close,6905.74
2025-12-30,Price Close,6896.24
2025-12-31,Price Close,6845.5
2026-01-02,Price Close,6858.47
2026-01-05,Price Close,6902.05
2026-01-06,Price Close,6944.82
2026-01-07,Price Close,6920.93
2026-01-08,Price Close,6921.46
2026-01-09,Price Close,6966.28
2026-01-12,Price Close,6977.27
2026-01-13,Price Close,6963.74
2026-01-14,Price Close,6926.6
2026-01-15,Price Close,6944.47
2026-01-16,Price Close,6940.01
2026-01-20,Price Close,6796.86
2026-01-21,Price Close,6875.62
2026-01-22,Price Close,6913.35
2026-01-23,Price Close,6915.61
2026-01-26,Price Close,6950.23
2026-01-27,Price Close,6978.6
2026-01-28,Price Close,6978.03
2026-01-29,Price Close,6969.01
2026-01-30,Price Close,6939.03
2026-02-02,Price Close,6976.44
2026-02-03,Price Close,6917.81
2026-02-04,Price Close,6882.72
2026-02-05,Price Close,6798.4
2026-02-06,Price Close,6932.3
2026-02-09,Price Close,6964.82
2026-02-10,Price Close,6941.81
2026-02-11,Price Close,6941.47
2026-02-12,Price Close,6832.76
2026-02-13,Price Close,6836.17
